{"__meta":{"schema_version":3,"schema_name":"GLRMModelV3","schema_type":"GLRMModel"},"model_id":{"__meta":{"schema_version":3,"schema_name":"ModelKeyV3","schema_type":"Key<Model>"},"name":"GLRM_model_python_1614873327762_1","type":"Key<Model>","URL":"/3/Models/GLRM_model_python_1614873327762_1"},"algo":"glrm","algo_full_name":"Generalized Low Rank Modeling","response_column_name":null,"data_frame":{"__meta":{"schema_version":3,"schema_name":"FrameKeyV3","schema_type":"Key<Frame>"},"name":"py_1_sid_9b97","type":"Key<Frame>","URL":"/3/Frames/py_1_sid_9b97"},"timestamp":1614873427559,"have_pojo":false,"have_mojo":true,"algo":"glrm","algo_full_name":"Generalized Low Rank Modeling","model_id":{"__meta":{"schema_version":3,"schema_name":"ModelKeyV3","schema_type":"Key<Model>"},"name":"GLRM_model_python_1614873327762_1","type":"Key<Model>","URL":"/3/Models/GLRM_model_python_1614873327762_1"},"parameters":[{"__meta":{"schema_version":3,"schema_name":"ModelParameterSchemaV3","schema_type":"Iced"},"name":"model_id","label":"model_id","help":"Destination id for this model; auto-generated if not specified.","required":false,"type":"Key<Model>","default_value":null,"actual_value":{"__meta":{"schema_version":3,"schema_name":"ModelKeyV3","schema_type":"Key<Model>"},"name":"GLRM_model_python_1614873327762_1","type":"Key<Model>","URL":"/3/Models/GLRM_model_python_1614873327762_1"},"level":"critical","values":[],"is_member_of_frames":[],"is_mutually_exclusive_with":[],"gridable":false},{"__meta":{"schema_version":3,"schema_name":"ModelParameterSchemaV3","schema_type":"Iced"},"name":"training_frame","label":"training_frame","help":"Id of the training data frame.","required":false,"type":"Key<Frame>","default_value":null,"actual_value":{"__meta":{"schema_version":3,"schema_name":"FrameKeyV3","schema_type":"Key<Frame>"},"name":"py_1_sid_9b97","type":"Key<Frame>","URL":"/3/Frames/py_1_sid_9b97"},"level":"critical","values":[],"is_member_of_frames":[],"is_mutually_exclusive_with":[],"gridable":false},{"__meta":{"schema_version":3,"schema_name":"ModelParameterSchemaV3","schema_type":"Iced"},"name":"validation_frame","label":"validation_frame","help":"Id of the validation data frame.","required":false,"type":"Key<Frame>","default_value":null,"actual_value":null,"level":"critical","values":[],"is_member_of_frames":[],"is_mutually_exclusive_with":[],"gridable":true},{"__meta":{"schema_version":3,"schema_name":"ModelParameterSchemaV3","schema_type":"Iced"},"name":"ignored_columns","label":"ignored_columns","help":"Names of columns to ignore for training.","required":false,"type":"string[]","default_value":null,"actual_value":null,"level":"critical","values":[],"is_member_of_frames":["training_frame","validation_frame"],"is_mutually_exclusive_with":[],"gridable":false},{"__meta":{"schema_version":3,"schema_name":"ModelParameterSchemaV3","schema_type":"Iced"},"name":"ignore_const_cols","label":"ignore_const_cols","help":"Ignore constant columns.","required":false,"type":"boolean","default_value":true,"actual_value":true,"level":"critical","values":[],"is_member_of_frames":[],"is_mutually_exclusive_with":[],"gridable":false},{"__meta":{"schema_version":3,"schema_name":"ModelParameterSchemaV3","schema_type":"Iced"},"name":"score_each_iteration","label":"score_each_iteration","help":"Whether to score during each iteration of model training.","required":false,"type":"boolean","default_value":false,"actual_value":false,"level":"secondary","values":[],"is_member_of_frames":[],"is_mutually_exclusive_with":[],"gridable":false},{"__meta":{"schema_version":3,"schema_name":"ModelParameterSchemaV3","schema_type":"Iced"},"name":"loading_name","label":"loading_name","help":"Frame key to save resulting X","required":false,"type":"string","default_value":null,"actual_value":null,"level":"critical","values":[],"is_member_of_frames":[],"is_mutually_exclusive_with":[],"gridable":false},{"__meta":{"schema_version":3,"schema_name":"ModelParameterSchemaV3","schema_type":"Iced"},"name":"transform","label":"transform","help":"Transformation of training data","required":false,"type":"enum","default_value":"NONE","actual_value":"STANDARDIZE","level":"critical","values":["NONE","STANDARDIZE","NORMALIZE","DEMEAN","DESCALE"],"is_member_of_frames":[],"is_mutually_exclusive_with":[],"gridable":true},{"__meta":{"schema_version":3,"schema_name":"ModelParameterSchemaV3","schema_type":"Iced"},"name":"k","label":"k","help":"Rank of matrix approximation","required":true,"type":"int","default_value":1,"actual_value":10,"level":"critical","values":[],"is_member_of_frames":[],"is_mutually_exclusive_with":[],"gridable":true},{"__meta":{"schema_version":3,"schema_name":"ModelParameterSchemaV3","schema_type":"Iced"},"name":"loss","label":"loss","help":"Numeric loss function","required":false,"type":"enum","default_value":"Quadratic","actual_value":"Quadratic","level":"critical","values":["Quadratic","Absolute","Huber","Poisson","Hinge","Logistic","Periodic"],"is_member_of_frames":[],"is_mutually_exclusive_with":[],"gridable":true},{"__meta":{"schema_version":3,"schema_name":"ModelParameterSchemaV3","schema_type":"Iced"},"name":"loss_by_col","label":"loss_by_col","help":"Loss function by column (override)","required":false,"type":"enum[]","default_value":null,"actual_value":null,"level":"critical","values":["Quadratic","Absolute","Huber","Poisson","Hinge","Logistic","Periodic","Categorical","Ordinal"],"is_member_of_frames":[],"is_mutually_exclusive_with":[],"gridable":true},{"__meta":{"schema_version":3,"schema_name":"ModelParameterSchemaV3","schema_type":"Iced"},"name":"loss_by_col_idx","label":"loss_by_col_idx","help":"Loss function by column index (override)","required":false,"type":"int[]","default_value":null,"actual_value":null,"level":"critical","values":[],"is_member_of_frames":[],"is_mutually_exclusive_with":[],"gridable":false},{"__meta":{"schema_version":3,"schema_name":"ModelParameterSchemaV3","schema_type":"Iced"},"name":"multi_loss","label":"multi_loss","help":"Categorical loss function","required":false,"type":"enum","default_value":"Categorical","actual_value":"Categorical","level":"critical","values":["Categorical","Ordinal"],"is_member_of_frames":[],"is_mutually_exclusive_with":[],"gridable":true},{"__meta":{"schema_version":3,"schema_name":"ModelParameterSchemaV3","schema_type":"Iced"},"name":"period","label":"period","help":"Length of period (only used with periodic loss function)","required":false,"type":"int","default_value":1,"actual_value":1,"level":"critical","values":[],"is_member_of_frames":[],"is_mutually_exclusive_with":[],"gridable":true},{"__meta":{"schema_version":3,"schema_name":"ModelParameterSchemaV3","schema_type":"Iced"},"name":"regularization_x","label":"regularization_x","help":"Regularization function for X matrix","required":false,"type":"enum","default_value":"None","actual_value":"Quadratic","level":"critical","values":["None","Quadratic","L2","L1","NonNegative","OneSparse","UnitOneSparse","Simplex"],"is_member_of_frames":[],"is_mutually_exclusive_with":[],"gridable":true},{"__meta":{"schema_version":3,"schema_name":"ModelParameterSchemaV3","schema_type":"Iced"},"name":"regularization_y","label":"regularization_y","help":"Regularization function for Y matrix","required":false,"type":"enum","default_value":"None","actual_value":"L1","level":"critical","values":["None","Quadratic","L2","L1","NonNegative","OneSparse","UnitOneSparse","Simplex"],"is_member_of_frames":[],"is_mutually_exclusive_with":[],"gridable":true},{"__meta":{"schema_version":3,"schema_name":"ModelParameterSchemaV3","schema_type":"Iced"},"name":"gamma_x","label":"gamma_x","help":"Regularization weight on X matrix","required":false,"type":"double","default_value":0.0,"actual_value":0.25,"level":"critical","values":[],"is_member_of_frames":[],"is_mutually_exclusive_with":[],"gridable":true},{"__meta":{"schema_version":3,"schema_name":"ModelParameterSchemaV3","schema_type":"Iced"},"name":"gamma_y","label":"gamma_y","help":"Regularization weight on Y matrix","required":false,"type":"double","default_value":0.0,"actual_value":0.5,"level":"critical","values":[],"is_member_of_frames":[],"is_mutually_exclusive_with":[],"gridable":true},{"__meta":{"schema_version":3,"schema_name":"ModelParameterSchemaV3","schema_type":"Iced"},"name":"max_iterations","label":"max_iterations","help":"Maximum number of iterations","required":false,"type":"int","default_value":1000,"actual_value":100,"level":"critical","values":[],"is_member_of_frames":[],"is_mutually_exclusive_with":[],"gridable":true},{"__meta":{"schema_version":3,"schema_name":"ModelParameterSchemaV3","schema_type":"Iced"},"name":"max_updates","label":"max_updates","help":"Maximum number of updates, defaults to 2*max_iterations","required":false,"type":"int","default_value":2000,"actual_value":2000,"level":"critical","values":[],"is_member_of_frames":[],"is_mutually_exclusive_with":[],"gridable":true},{"__meta":{"schema_version":3,"schema_name":"ModelParameterSchemaV3","schema_type":"Iced"},"name":"init_step_size","label":"init_step_size","help":"Initial step size","required":false,"type":"double","default_value":1.0,"actual_value":1.0,"level":"critical","values":[],"is_member_of_frames":[],"is_mutually_exclusive_with":[],"gridable":true},{"__meta":{"schema_version":3,"schema_name":"ModelParameterSchemaV3","schema_type":"Iced"},"name":"min_step_size","label":"min_step_size","help":"Minimum step size","required":false,"type":"double","default_value":1.0E-4,"actual_value":1.0E-4,"level":"critical","values":[],"is_member_of_frames":[],"is_mutually_exclusive_with":[],"gridable":true},{"__meta":{"schema_version":3,"schema_name":"ModelParameterSchemaV3","schema_type":"Iced"},"name":"seed","label":"seed","help":"RNG seed for initialization","required":false,"type":"long","default_value":-1,"actual_value":-655149635004816873,"level":"critical","values":[],"is_member_of_frames":[],"is_mutually_exclusive_with":[],"gridable":true},{"__meta":{"schema_version":3,"schema_name":"ModelParameterSchemaV3","schema_type":"Iced"},"name":"init","label":"init","help":"Initialization mode","required":false,"type":"enum","default_value":"PlusPlus","actual_value":"PlusPlus","level":"critical","values":["Random","SVD","PlusPlus","User"],"is_member_of_frames":[],"is_mutually_exclusive_with":[],"gridable":true},{"__meta":{"schema_version":3,"schema_name":"ModelParameterSchemaV3","schema_type":"Iced"},"name":"svd_method","label":"svd_method","help":"Method for computing SVD during initialization (Caution: Randomized is currently experimental and unstable)","required":false,"type":"enum","default_value":"Randomized","actual_value":"Randomized","level":"critical","values":["GramSVD","Power","Randomized"],"is_member_of_frames":[],"is_mutually_exclusive_with":[],"gridable":true},{"__meta":{"schema_version":3,"schema_name":"ModelParameterSchemaV3","schema_type":"Iced"},"name":"user_y","label":"user_y","help":"User-specified initial Y","required":false,"type":"Key<Frame>","default_value":null,"actual_value":null,"level":"critical","values":[],"is_member_of_frames":[],"is_mutually_exclusive_with":[],"gridable":false},{"__meta":{"schema_version":3,"schema_name":"ModelParameterSchemaV3","schema_type":"Iced"},"name":"user_x","label":"user_x","help":"User-specified initial X","required":false,"type":"Key<Frame>","default_value":null,"actual_value":null,"level":"critical","values":[],"is_member_of_frames":[],"is_mutually_exclusive_with":[],"gridable":false},{"__meta":{"schema_version":3,"schema_name":"ModelParameterSchemaV3","schema_type":"Iced"},"name":"expand_user_y","label":"expand_user_y","help":"Expand categorical columns in user-specified initial Y","required":false,"type":"boolean","default_value":true,"actual_value":true,"level":"critical","values":[],"is_member_of_frames":[],"is_mutually_exclusive_with":[],"gridable":false},{"__meta":{"schema_version":3,"schema_name":"ModelParameterSchemaV3","schema_type":"Iced"},"name":"impute_original","label":"impute_original","help":"Reconstruct original training data by reversing transform","required":false,"type":"boolean","default_value":false,"actual_value":false,"level":"critical","values":[],"is_member_of_frames":[],"is_mutually_exclusive_with":[],"gridable":false},{"__meta":{"schema_version":3,"schema_name":"ModelParameterSchemaV3","schema_type":"Iced"},"name":"recover_svd","label":"recover_svd","help":"Recover singular values and eigenvectors of XY","required":false,"type":"boolean","default_value":false,"actual_value":false,"level":"critical","values":[],"is_member_of_frames":[],"is_mutually_exclusive_with":[],"gridable":false},{"__meta":{"schema_version":3,"schema_name":"ModelParameterSchemaV3","schema_type":"Iced"},"name":"max_runtime_secs","label":"max_runtime_secs","help":"Maximum allowed runtime in seconds for model training. Use 0 to disable.","required":false,"type":"double","default_value":0.0,"actual_value":0.0,"level":"secondary","values":[],"is_member_of_frames":[],"is_mutually_exclusive_with":[],"gridable":true},{"__meta":{"schema_version":3,"schema_name":"ModelParameterSchemaV3","schema_type":"Iced"},"name":"export_checkpoints_dir","label":"export_checkpoints_dir","help":"Automatically export generated models to this directory.","required":false,"type":"string","default_value":null,"actual_value":null,"level":"secondary","values":[],"is_member_of_frames":[],"is_mutually_exclusive_with":[],"gridable":false}],"output":{"__meta":{"schema_version":3,"schema_name":"GLRMModelOutputV3","schema_type":"GLRMOutput"},"names":["total_households","family_households","families_w_children_under_18","married_families","married_w_children_under_18","male_no_wife","male_no_wife_w_children_under_18","female_no_husband","female_no_husband_w_children_under_18","nonfamily_households","living_alone","living_alone_65_and_over","households_w_people_under_18","households_w_people_over_65","average_household_size","average_family_size","pop_in_households","pop_householder","pop_spouse","pop_child","pop_other_relatives","pop_nonrelatives","pop_unmarried_partner","males_15_and_over","males_15_and_over_unmarried","males_15_and_over_married","males_15_and_over_separated","males_15_and_over_widowed","males_15_and_over_divorced","females_15_and_over","females_15_and_over_unmarried","females_15_and_over_married","females_15_and_over_separated","females_15_and_over_widowed","females_15_and_over_divorced","women_birth_past_year","unmarried_women_birth_past_year","unmarried_women_birth_past_year_per_1000","women_birth_past_year_per_1000","women_15_to_19_birth_past_year_per_1000","women_20_to_34_birth_past_year_per_1000","women_35_to_50_birth_past_year_per_1000","grdparents_live_w_grdchildren","grdparents_live_w_resp_grdchildren","resp_grdchildren_less_1yr","resp_grdchildren_1_or_2yrs","resp_grdchildren_3_or_4yrs","resp_grdchildren_5yrs_or_more","grdparents_resp_grdchildren","female_grdparents_resp_grdchildren","married_grdparents_resp_grdchildren","pop_3_and_over_in_school","nursery_and_preschool","kindergarten","elementary_school","high_school","college_or_graduate_school","pop_25_years_and_over","less_than_9th_grade","high_school_no_diploma","high_school_graduate","college_no_degree","associate_degree","bachelors_degree","graduate_or_prof_degree","pct_high_school_grad_or_higher","pct_bachelors_degree_or_higher","civilian_18_and_over","civilian_veterans","pop_civilian_noninst","pop_civilian_w_disability","age_under_18","age_under_18_w_disability","age_18_to_64","age_18_to_64_w_disability","age_65_and_over","age_65_and_over_w_disability","pop_1_and_over","res_same_house","res_diff_house_in_us","res_same_county","res_diff_county","res_diff_county_same_state","res_diff_county_and_state","res_abroad","total_pop_place_of_birth","pop_native","native_born_in_us","born_state_of_residence","born_different_state","born_islands_american_abroad","total_pop_foreign_born","pop_foreign_born","foreign_born_naturalized_us_citizen","foreign_born_not_us_citizen","pop_born_outside_us","native","native_entered_2010_or_later","native_entered_before_2010","foreign_born","foreign_born_entered_2010_or_later","foreign_born_entered_before_2010","foreign_born_excl_born_at_sea","foreign_born_europe","foreign_born_asia","foreign_born_africa","foreign_born_oceania","foreign_born_latin_america","foreign_born_northern_america","pop_5_and_over","english_language_only","non_english_language","non_english_poor_english","spanish_language","spanish_poor_english","other_indo_euro_language","other_indo_euro_poor_english","asian_language","asian_poor_english","other_language","english_less_than_v_well","total_pop_ancestory","pop_american","pop_arab","pop_czech","pop_danish","pop_dutch","pop_english","pop_french","pop_french_canadian","pop_german","pop_greek","pop_hungarian","pop_irish","pop_italian","pop_lithuanian","pop_norwegian","pop_polish","pop_portuguese","pop_russian","pop_scotch_irish","pop_scottish","pop_slovak","pop_subsaharan_africa","pop_swedish","pop_swiss","pop_ukrainian","pop_welsh","pop_west_indian"],"column_types":["Numeric","Numeric","Numeric","Numeric","Numeric","Numeric","Numeric","Numeric","Numeric","Numeric","Numeric","Numeric","Numeric","Numeric","Numeric","Numeric","Numeric","Numeric","Numeric","Numeric","Numeric","Numeric","Numeric","Numeric","Numeric","Numeric","Numeric","Numeric","Numeric","Numeric","Numeric","Numeric","Numeric","Numeric","Numeric","Numeric","Numeric","Numeric","Numeric","Numeric","Numeric","Numeric","Numeric","Numeric","Numeric","Numeric","Numeric","Numeric","Numeric","Numeric","Numeric","Numeric","Numeric","Numeric","Numeric","Numeric","Numeric","Numeric","Numeric","Numeric","Numeric","Numeric","Numeric","Numeric","Numeric","Numeric","Numeric","Numeric","Numeric","Numeric","Numeric","Numeric","Numeric","Numeric","Numeric","Numeric","Numeric","Numeric","Numeric","Numeric","Numeric","Numeric","Numeric","Numeric","Numeric","Numeric","Numeric","Numeric","Numeric","Numeric","Numeric","Numeric","Numeric","Numeric","Numeric","Numeric","Numeric","Numeric","Numeric","Numeric","Numeric","Numeric","Numeric","Numeric","Numeric","Numeric","Numeric","Numeric","Numeric","Numeric","Numeric","Numeric","Numeric","Numeric","Numeric","Numeric","Numeric","Numeric","Numeric","Numeric","Numeric","Numeric","Numeric","Numeric","Numeric","Numeric","Numeric","Numeric","Numeric","Numeric","Numeric","Numeric","Numeric","Numeric","Numeric","Numeric","Numeric","Numeric","Numeric","Numeric","Numeric","Numeric","Numeric","Numeric","Numeric","Numeric","Numeric","Numeric","Numeric"],"domains":[null,null,null,null,null,null,null,null,null,null,null,null,null,null,null,null,null,null,null,null,null,null,null,null,null,null,null,null,null,null,null,null,null,null,null,null,null,null,null,null,null,null,null,null,null,null,null,null,null,null,null,null,null,null,null,null,null,null,null,null,null,null,null,null,null,null,null,null,null,null,null,null,null,null,null,null,null,null,null,null,null,null,null,null,null,null,null,null,null,null,null,null,null,null,null,null,null,null,null,null,null,null,null,null,null,null,null,null,null,null,null,null,null,null,null,null,null,null,null,null,null,null,null,null,null,null,null,null,null,null,null,null,null,null,null,null,null,null,null,null,null,null,null,null,null,null,null,null,null],"cross_validation_models":null,"cross_validation_predictions":null,"cross_validation_holdout_predictions_frame_id":null,"cross_validation_fold_assignment_frame_id":null,"model_category":"DimReduction","model_summary":{"__meta":{"schema_version":3,"schema_name":"TwoDimTableV3","schema_type":"TwoDimTable"},"name":"Model Summary","description":"","columns":[{"__meta":{"schema_version":-1,"schema_name":"ColumnSpecsBase","schema_type":"Iced"},"name":"","type":"string","format":"%s","description":""},{"__meta":{"schema_version":-1,"schema_name":"ColumnSpecsBase","schema_type":"Iced"},"name":"number_of_iterations","type":"long","format":"%d","description":"Number of Iterations"},{"__meta":{"schema_version":-1,"schema_name":"ColumnSpecsBase","schema_type":"Iced"},"name":"final_step_size","type":"double","format":"%.5f","description":"Final Step Size"},{"__meta":{"schema_version":-1,"schema_name":"ColumnSpecsBase","schema_type":"Iced"},"name":"final_objective_value","type":"double","format":"%.5f","description":"Final Objective Value"}],"rowcount":1,"data":[[""],[100],[0.0038692319667201626],[1253523.7772765367]]},"scoring_history":{"__meta":{"schema_version":3,"schema_name":"TwoDimTableV3","schema_type":"TwoDimTable"},"name":"Scoring History","description":"","columns":[{"__meta":{"schema_version":-1,"schema_name":"ColumnSpecsBase","schema_type":"Iced"},"name":"","type":"string","format":"%s","description":""},{"__meta":{"schema_version":-1,"schema_name":"ColumnSpecsBase","schema_type":"Iced"},"name":"timestamp","type":"string","format":"%s","description":"Timestamp"},{"__meta":{"schema_version":-1,"schema_name":"ColumnSpecsBase","schema_type":"Iced"},"name":"duration","type":"string","format":"%s","description":"Duration"},{"__meta":{"schema_version":-1,"schema_name":"ColumnSpecsBase","schema_type":"Iced"},"name":"iterations","type":"long","format":"%d","description":"Iterations"},{"__meta":{"schema_version":-1,"schema_name":"ColumnSpecsBase","schema_type":"Iced"},"name":"step_size","type":"double","format":"%.5f","description":"Step Size"},{"__meta":{"schema_version":-1,"schema_name":"ColumnSpecsBase","schema_type":"Iced"},"name":"objective","type":"double","format":"%.5f","description":"Objective"}],"rowcount":100,"data":[["","","","","","","","","","","","","","","","","","","","","","","","","","","","","","","","","","","","","","","","","","","","","","","","","","","","","","","","","","","","","","","","","","","","","","","","","","","","","","","","","","","","","","","","","","","","","","","","","","","",""],["2021-03-04 09:56:00","2021-03-04 09:56:00","2021-03-04 09:56:01","2021-03-04 09:56:02","2021-03-04 09:56:02","2021-03-04 09:56:03","2021-03-04 09:56:04","2021-03-04 09:56:04","2021-03-04 09:56:05","2021-03-04 09:56:05","2021-03-04 09:56:06","2021-03-04 09:56:07","2021-03-04 09:56:07","2021-03-04 09:56:08","2021-03-04 09:56:08","2021-03-04 09:56:09","2021-03-04 09:56:10","2021-03-04 09:56:10","2021-03-04 09:56:11","2021-03-04 09:56:11","2021-03-04 09:56:12","2021-03-04 09:56:13","2021-03-04 09:56:13","2021-03-04 09:56:14","2021-03-04 09:56:14","2021-03-04 09:56:15","2021-03-04 09:56:16","2021-03-04 09:56:16","2021-03-04 09:56:17","2021-03-04 09:56:18","2021-03-04 09:56:18","2021-03-04 09:56:19","2021-03-04 09:56:19","2021-03-04 09:56:20","2021-03-04 09:56:21","2021-03-04 09:56:21","2021-03-04 09:56:22","2021-03-04 09:56:22","2021-03-04 09:56:23","2021-03-04 09:56:24","2021-03-04 09:56:24","2021-03-04 09:56:25","2021-03-04 09:56:25","2021-03-04 09:56:26","2021-03-04 09:56:27","2021-03-04 09:56:27","2021-03-04 09:56:28","2021-03-04 09:56:28","2021-03-04 09:56:29","2021-03-04 09:56:29","2021-03-04 09:56:30","2021-03-04 09:56:31","2021-03-04 09:56:31","2021-03-04 09:56:32","2021-03-04 09:56:33","2021-03-04 09:56:33","2021-03-04 09:56:34","2021-03-04 09:56:35","2021-03-04 09:56:35","2021-03-04 09:56:36","2021-03-04 09:56:38","2021-03-04 09:56:39","2021-03-04 09:56:41","2021-03-04 09:56:42","2021-03-04 09:56:43","2021-03-04 09:56:43","2021-03-04 09:56:44","2021-03-04 09:56:45","2021-03-04 09:56:45","2021-03-04 09:56:46","2021-03-04 09:56:46","2021-03-04 09:56:47","2021-03-04 09:56:48","2021-03-04 09:56:48","2021-03-04 09:56:49","2021-03-04 09:56:50","2021-03-04 09:56:50","2021-03-04 09:56:51","2021-03-04 09:56:51","2021-03-04 09:56:52","2021-03-04 09:56:53","2021-03-04 09:56:54","2021-03-04 09:56:55","2021-03-04 09:56:55","2021-03-04 09:56:56","2021-03-04 09:56:57","2021-03-04 09:56:57","2021-03-04 09:56:58","2021-03-04 09:56:59","2021-03-04 09:56:59","2021-03-04 09:57:00","2021-03-04 09:57:01","2021-03-04 09:57:02","2021-03-04 09:57:02","2021-03-04 09:57:03","2021-03-04 09:57:04","2021-03-04 09:57:04","2021-03-04 09:57:05","2021-03-04 09:57:06","2021-03-04 09:57:06"],["13.160 sec","13.791 sec","14.501 sec","15.098 sec","15.721 sec","16.358 sec","16.984 sec","17.617 sec","18.208 sec","18.795 sec","19.380 sec","19.979 sec","20.580 sec","21.166 sec","21.753 sec","22.369 sec","22.970 sec","23.557 sec","24.142 sec","24.782 sec","25.369 sec","25.944 sec","26.523 sec","27.110 sec","27.711 sec","28.291 sec","28.886 sec","29.687 sec","30.275 sec","30.877 sec","31.504 sec","32.117 sec","32.711 sec","33.304 sec","33.898 sec","34.521 sec","35.143 sec","35.734 sec","36.320 sec","36.935 sec","37.520 sec","38.110 sec","38.699 sec","39.298 sec","39.890 sec","40.469 sec","41.053 sec","41.629 sec","42.223 sec","42.802 sec","43.539 sec","44.196 sec","44.852 sec","45.516 sec","46.132 sec","46.776 sec","47.406 sec","48.040 sec","48.651 sec","49.712 sec","51.039 sec","52.034 sec","54.056 sec","54.909 sec","55.961 sec","56.618 sec","57.440 sec","58.038 sec","58.624 sec","59.215 sec","59.834 sec"," 1 min  0.428 sec"," 1 min  1.031 sec"," 1 min  1.653 sec"," 1 min  2.245 sec"," 1 min  2.873 sec"," 1 min  3.521 sec"," 1 min  4.148 sec"," 1 min  4.840 sec"," 1 min  5.620 sec"," 1 min  6.645 sec"," 1 min  7.500 sec"," 1 min  8.204 sec"," 1 min  8.830 sec"," 1 min  9.545 sec"," 1 min 10.151 sec"," 1 min 10.769 sec"," 1 min 11.372 sec"," 1 min 11.976 sec"," 1 min 12.623 sec"," 1 min 13.284 sec"," 1 min 13.930 sec"," 1 min 14.934 sec"," 1 min 15.607 sec"," 1 min 16.383 sec"," 1 min 17.078 sec"," 1 min 17.699 sec"," 1 min 18.547 sec"," 1 min 19.142 sec"," 1 min 19.745 sec"],[0,1,2,3,4,5,6,7,8,9,10,11,12,13,14,15,16,17,18,19,20,21,22,23,24,25,26,27,28,29,30,31,32,33,34,35,36,37,38,39,40,41,42,43,44,45,46,47,48,49,50,51,52,53,54,55,56,57,58,59,60,61,62,63,64,65,66,67,68,69,70,71,72,73,74,75,76,77,78,79,80,81,82,83,84,85,86,87,88,89,90,91,92,93,94,95,96,97,98,99],[0.6666666666666666,0.4444444444444444,0.2222222222222222,0.07407407407407407,0.018518518518518517,0.0037037037037037034,0.0038888888888888888,0.004083333333333334,0.0042875000000000005,0.004501875000000001,0.004726968750000001,0.004963317187500002,0.005211483046875002,0.0034743220312500015,0.0036480381328125016,0.003830440039453127,0.004021962041425783,0.0042230601434970726,0.0044342131506719265,0.004655923808205523,0.004888719998615799,0.0051331559985465895,0.005389813798473919,0.005659304488397615,0.005942269712817496,0.0062393831984583715,0.006551352358381291,0.00436756823892086,0.004585946650866903,0.0048152439834102485,0.005056006182580761,0.0053088064917098,0.00557424681629529,0.00371616454419686,0.0039019727714067034,0.004097071409977038,0.00430192498047589,0.004517021229499684,0.004742872290974669,0.004980015905523403,0.005229016700799573,0.005490467535839552,0.00576499091263153,0.006053240458263106,0.004035493638842071,0.004237268320784174,0.004449131736823383,0.004671588323664553,0.0049051677398477805,0.00515042612684017,0.005407947433182178,0.0056783448048412875,0.005962262045083352,0.003974841363388901,0.004173583431558346,0.004382262603136264,0.004601375733293077,0.004831444519957731,0.005073016745955618,0.005326667583253399,0.0055930009624160695,0.005872651010536873,0.003915100673691249,0.004110855707375812,0.004316398492744602,0.004532218417381832,0.004758829338250924,0.00499677080516347,0.005246609345421644,0.0055089398126927265,0.005784386803327363,0.006073606143493731,0.004049070762329154,0.0042515243004456115,0.004464100515467893,0.004687305541241287,0.004921670818303352,0.00516775435921852,0.005426142077179446,0.005697449181038419,0.0037982994540256125,0.003988214426726893,0.004187625148063237,0.004397006405466399,0.004616856725739719,0.004847699562026705,0.00509008454012804,0.005344588767134443,0.005611818205491165,0.005892409115765724,0.00618702957155401,0.004124686381036006,0.0043309207000878066,0.004547466735092197,0.004774840071846807,0.005013582075439148,0.005264261179211105,0.0055274742381716604,0.005803847950080244,0.0038692319667201626],[4.104116197282393E7,4.104116197282393E7,4.104116197282393E7,4.104116197282393E7,4.104116197282393E7,4.104116197282393E7,1.5238904971015133E7,7952042.652609375,5312562.305584932,4138787.444096023,3539436.8121360443,3236961.2800901844,3131732.5711355135,3131732.5711355135,2351364.888099288,2152657.1582497465,2061797.8197298981,1999730.7335502084,1949439.5905388827,1905598.1248632018,1866119.7073707199,1829758.0129203869,1795942.2065157164,1764516.8073212963,1736439.4334206998,1715126.8418347305,1712658.5309096454,1712658.5309096454,1678251.2012744981,1653480.7109976106,1634492.9124902333,1621669.4912122984,1619262.8035505684,1619262.8035505684,1570943.6967666794,1548211.5117988053,1531955.8271888706,1517740.372835401,1504378.0710968806,1491540.973153651,1479238.4618988882,1467720.6200132435,1457723.3960058265,1451287.915342144,1451287.915342144,1437753.72191922,1427770.6024508462,1419099.7058389683,1411083.5385050965,1403596.7450482696,1396825.5576566109,1391450.5373119947,1389406.3060358947,1389406.3060358947,1378019.187062436,1370644.2626536295,1364612.9747699338,1359151.2024619237,1354060.0112299707,1349409.5981545893,1345595.036806456,1343752.9908733494,1343752.9908733494,1335840.7768878562,1330751.6140140323,1326531.0122617017,1322631.7255164296,1318900.5191680603,1315336.8730005047,1312077.3060100225,1309526.1244997531,1308857.0040819189,1308857.0040819189,1303176.8342590183,1299391.6906229232,1296285.1923372801,1293501.1064607617,1290974.823670266,1288834.3484267574,1287516.300985726,1287516.300985726,1283211.2688896959,1280539.660738044,1278297.938422513,1276178.892990067,1274093.6068071644,1272019.2363441498,1269966.952736027,1267989.0880763773,1266239.633387576,1265177.0308039596,1265177.0308039596,1262649.8783798248,1260690.7597327267,1258936.7385778765,1257282.208465602,1255728.2694357503,1254373.4840272977,1253523.7772765367,1253523.7772765367]]},"training_metrics":{"__meta":{"schema_version":99,"schema_name":"ModelMetricsGLRMV99","schema_type":"ModelMetricsGLRM"},"model":{"__meta":{"schema_version":3,"schema_name":"ModelKeyV3","schema_type":"Key<Model>"},"name":"GLRM_model_python_1614873327762_1","type":"Key<Model>","URL":"/3/Models/GLRM_model_python_1614873327762_1"},"model_checksum":-6345194425787952752,"frame":{"__meta":{"schema_version":3,"schema_name":"FrameKeyV3","schema_type":"Key<Frame>"},"name":"py_1_sid_9b97","type":"Key<Frame>","URL":"/3/Frames/py_1_sid_9b97"},"frame_checksum":3244005714884979461,"description":null,"model_category":"DimReduction","scoring_time":1614873427552,"predictions":null,"MSE":"NaN","RMSE":"NaN","nobs":0,"custom_metric_name":null,"custom_metric_value":0.0,"numerr":1250919.1282228571,"caterr":0.0,"numcnt":4912274,"catcnt":0},"validation_metrics":null,"cross_validation_metrics":null,"cross_validation_metrics_summary":null,"status":null,"start_time":1614873347168,"end_time":1614873427558,"run_time":80390,"help":{"domains":"Domains for categorical columns", "__meta":"Metadata on this schema instance, to make it self-describing.", "help":"Help information for output fields", "avg_change_obj":"Average change in objective value on final iteration", "training_metrics":"Training data model metrics", "cross_validation_models":"Cross-validation models (model ids)", "cross_validation_predictions":"Cross-validation predictions, one per cv model (deprecated, use cross_validation_holdout_predictions_frame_id instead)", "cross_validation_metrics_summary":"Cross-validation model metrics summary", "objective":"Current value of the objective function", "status":"Job status", "iterations":"Number of iterations executed", "representation_name":"Frame key name for X matrix", "model_summary":"Model summary", "importance":"Standard deviation and importance of each principal component", "end_time":"End time in milliseconds", "step_size":"Final step size", "names":"Column names", "cross_validation_fold_assignment_frame_id":"Cross-validation fold assignment (each row is assigned to one holdout fold)", "run_time":"Runtime in milliseconds", "singular_vals":"Singular values of XY matrix", "scoring_history":"Scoring history", "archetypes":"Mapping from lower dimensional k-space to training features (Y)", "cross_validation_holdout_predictions_frame_id":"Cross-validation holdout predictions (full out-of-sample predictions on training data)", "eigenvectors":"Eigenvectors of XY matrix", "updates":"Number of updates executed", "model_category":"Category of the model (e.g., Binomial)", "column_types":"Column types", "start_time":"Start time in milliseconds", "cross_validation_metrics":"Cross-validation model metrics", "validation_metrics":"Validation data model metrics"},"iterations":100,"updates":200,"objective":1253523.7772765367,"avg_change_obj":-1.1241570791563818E-4,"step_size":0.0038692319667201626,"archetypes":{"__meta":{"schema_version":3,"schema_name":"TwoDimTableV3","schema_type":"TwoDimTable"},"name":"Archetypes","description":"","columns":[{"__meta":{"schema_version":-1,"schema_name":"ColumnSpecsBase","schema_type":"Iced"},"name":"","type":"string","format":"%s","description":""},{"__meta":{"schema_version":-1,"schema_name":"ColumnSpecsBase","schema_type":"Iced"},"name":"total_households","type":"double","format":"%5f","description":"total_households"},{"__meta":{"schema_version":-1,"schema_name":"ColumnSpecsBase","schema_type":"Iced"},"name":"family_households","type":"double","format":"%5f","description":"family_households"},{"__meta":{"schema_version":-1,"schema_name":"ColumnSpecsBase","schema_type":"Iced"},"name":"families_w_children_under_18","type":"double","format":"%5f","description":"families_w_children_under_18"},{"__meta":{"schema_version":-1,"schema_name":"ColumnSpecsBase","schema_type":"Iced"},"name":"married_families","type":"double","format":"%5f","description":"married_families"},{"__meta":{"schema_version":-1,"schema_name":"ColumnSpecsBase","schema_type":"Iced"},"name":"married_w_children_under_18","type":"double","format":"%5f","description":"married_w_children_under_18"},{"__meta":{"schema_version":-1,"schema_name":"ColumnSpecsBase","schema_type":"Iced"},"name":"male_no_wife","type":"double","format":"%5f","description":"male_no_wife"},{"__meta":{"schema_version":-1,"schema_name":"ColumnSpecsBase","schema_type":"Iced"},"name":"male_no_wife_w_children_under_18","type":"double","format":"%5f","description":"male_no_wife_w_children_under_18"},{"__meta":{"schema_version":-1,"schema_name":"ColumnSpecsBase","schema_type":"Iced"},"name":"female_no_husband","type":"double","format":"%5f","description":"female_no_husband"},{"__meta":{"schema_version":-1,"schema_name":"ColumnSpecsBase","schema_type":"Iced"},"name":"female_no_husband_w_children_under_18","type":"double","format":"%5f","description":"female_no_husband_w_children_under_18"},{"__meta":{"schema_version":-1,"schema_name":"ColumnSpecsBase","schema_type":"Iced"},"name":"nonfamily_households","type":"double","format":"%5f","description":"nonfamily_households"},{"__meta":{"schema_version":-1,"schema_name":"ColumnSpecsBase","schema_type":"Iced"},"name":"living_alone","type":"double","format":"%5f","description":"living_alone"},{"__meta":{"schema_version":-1,"schema_name":"ColumnSpecsBase","schema_type":"Iced"},"name":"living_alone_65_and_over","type":"double","format":"%5f","description":"living_alone_65_and_over"},{"__meta":{"schema_version":-1,"schema_name":"ColumnSpecsBase","schema_type":"Iced"},"name":"households_w_people_under_18","type":"double","format":"%5f","description":"households_w_people_under_18"},{"__meta":{"schema_version":-1,"schema_name":"ColumnSpecsBase","schema_type":"Iced"},"name":"households_w_people_over_65","type":"double","format":"%5f","description":"households_w_people_over_65"},{"__meta":{"schema_version":-1,"schema_name":"ColumnSpecsBase","schema_type":"Iced"},"name":"average_household_size","type":"double","format":"%5f","description":"average_household_size"},{"__meta":{"schema_version":-1,"schema_name":"ColumnSpecsBase","schema_type":"Iced"},"name":"average_family_size","type":"double","format":"%5f","description":"average_family_size"},{"__meta":{"schema_version":-1,"schema_name":"ColumnSpecsBase","schema_type":"Iced"},"name":"pop_in_households","type":"double","format":"%5f","description":"pop_in_households"},{"__meta":{"schema_version":-1,"schema_name":"ColumnSpecsBase","schema_type":"Iced"},"name":"pop_householder","type":"double","format":"%5f","description":"pop_householder"},{"__meta":{"schema_version":-1,"schema_name":"ColumnSpecsBase","schema_type":"Iced"},"name":"pop_spouse","type":"double","format":"%5f","description":"pop_spouse"},{"__meta":{"schema_version":-1,"schema_name":"ColumnSpecsBase","schema_type":"Iced"},"name":"pop_child","type":"double","format":"%5f","description":"pop_child"},{"__meta":{"schema_version":-1,"schema_name":"ColumnSpecsBase","schema_type":"Iced"},"name":"pop_other_relatives","type":"double","format":"%5f","description":"pop_other_relatives"},{"__meta":{"schema_version":-1,"schema_name":"ColumnSpecsBase","schema_type":"Iced"},"name":"pop_nonrelatives","type":"double","format":"%5f","description":"pop_nonrelatives"},{"__meta":{"schema_version":-1,"schema_name":"ColumnSpecsBase","schema_type":"Iced"},"name":"pop_unmarried_partner","type":"double","format":"%5f","description":"pop_unmarried_partner"},{"__meta":{"schema_version":-1,"schema_name":"ColumnSpecsBase","schema_type":"Iced"},"name":"males_15_and_over","type":"double","format":"%5f","description":"males_15_and_over"},{"__meta":{"schema_version":-1,"schema_name":"ColumnSpecsBase","schema_type":"Iced"},"name":"males_15_and_over_unmarried","type":"double","format":"%5f","description":"males_15_and_over_unmarried"},{"__meta":{"schema_version":-1,"schema_name":"ColumnSpecsBase","schema_type":"Iced"},"name":"males_15_and_over_married","type":"double","format":"%5f","description":"males_15_and_over_married"},{"__meta":{"schema_version":-1,"schema_name":"ColumnSpecsBase","schema_type":"Iced"},"name":"males_15_and_over_separated","type":"double","format":"%5f","description":"males_15_and_over_separated"},{"__meta":{"schema_version":-1,"schema_name":"ColumnSpecsBase","schema_type":"Iced"},"name":"males_15_and_over_widowed","type":"double","format":"%5f","description":"males_15_and_over_widowed"},{"__meta":{"schema_version":-1,"schema_name":"ColumnSpecsBase","schema_type":"Iced"},"name":"males_15_and_over_divorced","type":"double","format":"%5f","description":"males_15_and_over_divorced"},{"__meta":{"schema_version":-1,"schema_name":"ColumnSpecsBase","schema_type":"Iced"},"name":"females_15_and_over","type":"double","format":"%5f","description":"females_15_and_over"},{"__meta":{"schema_version":-1,"schema_name":"ColumnSpecsBase","schema_type":"Iced"},"name":"females_15_and_over_unmarried","type":"double","format":"%5f","description":"females_15_and_over_unmarried"},{"__meta":{"schema_version":-1,"schema_name":"ColumnSpecsBase","schema_type":"Iced"},"name":"females_15_and_over_married","type":"double","format":"%5f","description":"females_15_and_over_married"},{"__meta":{"schema_version":-1,"schema_name":"ColumnSpecsBase","schema_type":"Iced"},"name":"females_15_and_over_separated","type":"double","format":"%5f","description":"females_15_and_over_separated"},{"__meta":{"schema_version":-1,"schema_name":"ColumnSpecsBase","schema_type":"Iced"},"name":"females_15_and_over_widowed","type":"double","format":"%5f","description":"females_15_and_over_widowed"},{"__meta":{"schema_version":-1,"schema_name":"ColumnSpecsBase","schema_type":"Iced"},"name":"females_15_and_over_divorced","type":"double","format":"%5f","description":"females_15_and_over_divorced"},{"__meta":{"schema_version":-1,"schema_name":"ColumnSpecsBase","schema_type":"Iced"},"name":"women_birth_past_year","type":"double","format":"%5f","description":"women_birth_past_year"},{"__meta":{"schema_version":-1,"schema_name":"ColumnSpecsBase","schema_type":"Iced"},"name":"unmarried_women_birth_past_year","type":"double","format":"%5f","description":"unmarried_women_birth_past_year"},{"__meta":{"schema_version":-1,"schema_name":"ColumnSpecsBase","schema_type":"Iced"},"name":"unmarried_women_birth_past_year_per_1000","type":"double","format":"%5f","description":"unmarried_women_birth_past_year_per_1000"},{"__meta":{"schema_version":-1,"schema_name":"ColumnSpecsBase","schema_type":"Iced"},"name":"women_birth_past_year_per_1000","type":"double","format":"%5f","description":"women_birth_past_year_per_1000"},{"__meta":{"schema_version":-1,"schema_name":"ColumnSpecsBase","schema_type":"Iced"},"name":"women_15_to_19_birth_past_year_per_1000","type":"double","format":"%5f","description":"women_15_to_19_birth_past_year_per_1000"},{"__meta":{"schema_version":-1,"schema_name":"ColumnSpecsBase","schema_type":"Iced"},"name":"women_20_to_34_birth_past_year_per_1000","type":"double","format":"%5f","description":"women_20_to_34_birth_past_year_per_1000"},{"__meta":{"schema_version":-1,"schema_name":"ColumnSpecsBase","schema_type":"Iced"},"name":"women_35_to_50_birth_past_year_per_1000","type":"double","format":"%5f","description":"women_35_to_50_birth_past_year_per_1000"},{"__meta":{"schema_version":-1,"schema_name":"ColumnSpecsBase","schema_type":"Iced"},"name":"grdparents_live_w_grdchildren","type":"double","format":"%5f","description":"grdparents_live_w_grdchildren"},{"__meta":{"schema_version":-1,"schema_name":"ColumnSpecsBase","schema_type":"Iced"},"name":"grdparents_live_w_resp_grdchildren","type":"double","format":"%5f","description":"grdparents_live_w_resp_grdchildren"},{"__meta":{"schema_version":-1,"schema_name":"ColumnSpecsBase","schema_type":"Iced"},"name":"resp_grdchildren_less_1yr","type":"double","format":"%5f","description":"resp_grdchildren_less_1yr"},{"__meta":{"schema_version":-1,"schema_name":"ColumnSpecsBase","schema_type":"Iced"},"name":"resp_grdchildren_1_or_2yrs","type":"double","format":"%5f","description":"resp_grdchildren_1_or_2yrs"},{"__meta":{"schema_version":-1,"schema_name":"ColumnSpecsBase","schema_type":"Iced"},"name":"resp_grdchildren_3_or_4yrs","type":"double","format":"%5f","description":"resp_grdchildren_3_or_4yrs"},{"__meta":{"schema_version":-1,"schema_name":"ColumnSpecsBase","schema_type":"Iced"},"name":"resp_grdchildren_5yrs_or_more","type":"double","format":"%5f","description":"resp_grdchildren_5yrs_or_more"},{"__meta":{"schema_version":-1,"schema_name":"ColumnSpecsBase","schema_type":"Iced"},"name":"grdparents_resp_grdchildren","type":"double","format":"%5f","description":"grdparents_resp_grdchildren"},{"__meta":{"schema_version":-1,"schema_name":"ColumnSpecsBase","schema_type":"Iced"},"name":"female_grdparents_resp_grdchildren","type":"double","format":"%5f","description":"female_grdparents_resp_grdchildren"},{"__meta":{"schema_version":-1,"schema_name":"ColumnSpecsBase","schema_type":"Iced"},"name":"married_grdparents_resp_grdchildren","type":"double","format":"%5f","description":"married_grdparents_resp_grdchildren"},{"__meta":{"schema_version":-1,"schema_name":"ColumnSpecsBase","schema_type":"Iced"},"name":"pop_3_and_over_in_school","type":"double","format":"%5f","description":"pop_3_and_over_in_school"},{"__meta":{"schema_version":-1,"schema_name":"ColumnSpecsBase","schema_type":"Iced"},"name":"nursery_and_preschool","type":"double","format":"%5f","description":"nursery_and_preschool"},{"__meta":{"schema_version":-1,"schema_name":"ColumnSpecsBase","schema_type":"Iced"},"name":"kindergarten","type":"double","format":"%5f","description":"kindergarten"},{"__meta":{"schema_version":-1,"schema_name":"ColumnSpecsBase","schema_type":"Iced"},"name":"elementary_school","type":"double","format":"%5f","description":"elementary_school"},{"__meta":{"schema_version":-1,"schema_name":"ColumnSpecsBase","schema_type":"Iced"},"name":"high_school","type":"double","format":"%5f","description":"high_school"},{"__meta":{"schema_version":-1,"schema_name":"ColumnSpecsBase","schema_type":"Iced"},"name":"college_or_graduate_school","type":"double","format":"%5f","description":"college_or_graduate_school"},{"__meta":{"schema_version":-1,"schema_name":"ColumnSpecsBase","schema_type":"Iced"},"name":"pop_25_years_and_over","type":"double","format":"%5f","description":"pop_25_years_and_over"},{"__meta":{"schema_version":-1,"schema_name":"ColumnSpecsBase","schema_type":"Iced"},"name":"less_than_9th_grade","type":"double","format":"%5f","description":"less_than_9th_grade"},{"__meta":{"schema_version":-1,"schema_name":"ColumnSpecsBase","schema_type":"Iced"},"name":"high_school_no_diploma","type":"double","format":"%5f","description":"high_school_no_diploma"},{"__meta":{"schema_version":-1,"schema_name":"ColumnSpecsBase","schema_type":"Iced"},"name":"high_school_graduate","type":"double","format":"%5f","description":"high_school_graduate"},{"__meta":{"schema_version":-1,"schema_name":"ColumnSpecsBase","schema_type":"Iced"},"name":"college_no_degree","type":"double","format":"%5f","description":"college_no_degree"},{"__meta":{"schema_version":-1,"schema_name":"ColumnSpecsBase","schema_type":"Iced"},"name":"associate_degree","type":"double","format":"%5f","description":"associate_degree"},{"__meta":{"schema_version":-1,"schema_name":"ColumnSpecsBase","schema_type":"Iced"},"name":"bachelors_degree","type":"double","format":"%5f","description":"bachelors_degree"},{"__meta":{"schema_version":-1,"schema_name":"ColumnSpecsBase","schema_type":"Iced"},"name":"graduate_or_prof_degree","type":"double","format":"%5f","description":"graduate_or_prof_degree"},{"__meta":{"schema_version":-1,"schema_name":"ColumnSpecsBase","schema_type":"Iced"},"name":"pct_high_school_grad_or_higher","type":"double","format":"%5f","description":"pct_high_school_grad_or_higher"},{"__meta":{"schema_version":-1,"schema_name":"ColumnSpecsBase","schema_type":"Iced"},"name":"pct_bachelors_degree_or_higher","type":"double","format":"%5f","description":"pct_bachelors_degree_or_higher"},{"__meta":{"schema_version":-1,"schema_name":"ColumnSpecsBase","schema_type":"Iced"},"name":"civilian_18_and_over","type":"double","format":"%5f","description":"civilian_18_and_over"},{"__meta":{"schema_version":-1,"schema_name":"ColumnSpecsBase","schema_type":"Iced"},"name":"civilian_veterans","type":"double","format":"%5f","description":"civilian_veterans"},{"__meta":{"schema_version":-1,"schema_name":"ColumnSpecsBase","schema_type":"Iced"},"name":"pop_civilian_noninst","type":"double","format":"%5f","description":"pop_civilian_noninst"},{"__meta":{"schema_version":-1,"schema_name":"ColumnSpecsBase","schema_type":"Iced"},"name":"pop_civilian_w_disability","type":"double","format":"%5f","description":"pop_civilian_w_disability"},{"__meta":{"schema_version":-1,"schema_name":"ColumnSpecsBase","schema_type":"Iced"},"name":"age_under_18","type":"double","format":"%5f","description":"age_under_18"},{"__meta":{"schema_version":-1,"schema_name":"ColumnSpecsBase","schema_type":"Iced"},"name":"age_under_18_w_disability","type":"double","format":"%5f","description":"age_under_18_w_disability"},{"__meta":{"schema_version":-1,"schema_name":"ColumnSpecsBase","schema_type":"Iced"},"name":"age_18_to_64","type":"double","format":"%5f","description":"age_18_to_64"},{"__meta":{"schema_version":-1,"schema_name":"ColumnSpecsBase","schema_type":"Iced"},"name":"age_18_to_64_w_disability","type":"double","format":"%5f","description":"age_18_to_64_w_disability"},{"__meta":{"schema_version":-1,"schema_name":"ColumnSpecsBase","schema_type":"Iced"},"name":"age_65_and_over","type":"double","format":"%5f","description":"age_65_and_over"},{"__meta":{"schema_version":-1,"schema_name":"ColumnSpecsBase","schema_type":"Iced"},"name":"age_65_and_over_w_disability","type":"double","format":"%5f","description":"age_65_and_over_w_disability"},{"__meta":{"schema_version":-1,"schema_name":"ColumnSpecsBase","schema_type":"Iced"},"name":"pop_1_and_over","type":"double","format":"%5f","description":"pop_1_and_over"},{"__meta":{"schema_version":-1,"schema_name":"ColumnSpecsBase","schema_type":"Iced"},"name":"res_same_house","type":"double","format":"%5f","description":"res_same_house"},{"__meta":{"schema_version":-1,"schema_name":"ColumnSpecsBase","schema_type":"Iced"},"name":"res_diff_house_in_us","type":"double","format":"%5f","description":"res_diff_house_in_us"},{"__meta":{"schema_version":-1,"schema_name":"ColumnSpecsBase","schema_type":"Iced"},"name":"res_same_county","type":"double","format":"%5f","description":"res_same_county"},{"__meta":{"schema_version":-1,"schema_name":"ColumnSpecsBase","schema_type":"Iced"},"name":"res_diff_county","type":"double","format":"%5f","description":"res_diff_county"},{"__meta":{"schema_version":-1,"schema_name":"ColumnSpecsBase","schema_type":"Iced"},"name":"res_diff_county_same_state","type":"double","format":"%5f","description":"res_diff_county_same_state"},{"__meta":{"schema_version":-1,"schema_name":"ColumnSpecsBase","schema_type":"Iced"},"name":"res_diff_county_and_state","type":"double","format":"%5f","description":"res_diff_county_and_state"},{"__meta":{"schema_version":-1,"schema_name":"ColumnSpecsBase","schema_type":"Iced"},"name":"res_abroad","type":"double","format":"%5f","description":"res_abroad"},{"__meta":{"schema_version":-1,"schema_name":"ColumnSpecsBase","schema_type":"Iced"},"name":"total_pop_place_of_birth","type":"double","format":"%5f","description":"total_pop_place_of_birth"},{"__meta":{"schema_version":-1,"schema_name":"ColumnSpecsBase","schema_type":"Iced"},"name":"pop_native","type":"double","format":"%5f","description":"pop_native"},{"__meta":{"schema_version":-1,"schema_name":"ColumnSpecsBase","schema_type":"Iced"},"name":"native_born_in_us","type":"double","format":"%5f","description":"native_born_in_us"},{"__meta":{"schema_version":-1,"schema_name":"ColumnSpecsBase","schema_type":"Iced"},"name":"born_state_of_residence","type":"double","format":"%5f","description":"born_state_of_residence"},{"__meta":{"schema_version":-1,"schema_name":"ColumnSpecsBase","schema_type":"Iced"},"name":"born_different_state","type":"double","format":"%5f","description":"born_different_state"},{"__meta":{"schema_version":-1,"schema_name":"ColumnSpecsBase","schema_type":"Iced"},"name":"born_islands_american_abroad","type":"double","format":"%5f","description":"born_islands_american_abroad"},{"__meta":{"schema_version":-1,"schema_name":"ColumnSpecsBase","schema_type":"Iced"},"name":"total_pop_foreign_born","type":"double","format":"%5f","description":"total_pop_foreign_born"},{"__meta":{"schema_version":-1,"schema_name":"ColumnSpecsBase","schema_type":"Iced"},"name":"pop_foreign_born","type":"double","format":"%5f","description":"pop_foreign_born"},{"__meta":{"schema_version":-1,"schema_name":"ColumnSpecsBase","schema_type":"Iced"},"name":"foreign_born_naturalized_us_citizen","type":"double","format":"%5f","description":"foreign_born_naturalized_us_citizen"},{"__meta":{"schema_version":-1,"schema_name":"ColumnSpecsBase","schema_type":"Iced"},"name":"foreign_born_not_us_citizen","type":"double","format":"%5f","description":"foreign_born_not_us_citizen"},{"__meta":{"schema_version":-1,"schema_name":"ColumnSpecsBase","schema_type":"Iced"},"name":"pop_born_outside_us","type":"double","format":"%5f","description":"pop_born_outside_us"},{"__meta":{"schema_version":-1,"schema_name":"ColumnSpecsBase","schema_type":"Iced"},"name":"native","type":"double","format":"%5f","description":"native"},{"__meta":{"schema_version":-1,"schema_name":"ColumnSpecsBase","schema_type":"Iced"},"name":"native_entered_2010_or_later","type":"double","format":"%5f","description":"native_entered_2010_or_later"},{"__meta":{"schema_version":-1,"schema_name":"ColumnSpecsBase","schema_type":"Iced"},"name":"native_entered_before_2010","type":"double","format":"%5f","description":"native_entered_before_2010"},{"__meta":{"schema_version":-1,"schema_name":"ColumnSpecsBase","schema_type":"Iced"},"name":"foreign_born","type":"double","format":"%5f","description":"foreign_born"},{"__meta":{"schema_version":-1,"schema_name":"ColumnSpecsBase","schema_type":"Iced"},"name":"foreign_born_entered_2010_or_later","type":"double","format":"%5f","description":"foreign_born_entered_2010_or_later"},{"__meta":{"schema_version":-1,"schema_name":"ColumnSpecsBase","schema_type":"Iced"},"name":"foreign_born_entered_before_2010","type":"double","format":"%5f","description":"foreign_born_entered_before_2010"},{"__meta":{"schema_version":-1,"schema_name":"ColumnSpecsBase","schema_type":"Iced"},"name":"foreign_born_excl_born_at_sea","type":"double","format":"%5f","description":"foreign_born_excl_born_at_sea"},{"__meta":{"schema_version":-1,"schema_name":"ColumnSpecsBase","schema_type":"Iced"},"name":"foreign_born_europe","type":"double","format":"%5f","description":"foreign_born_europe"},{"__meta":{"schema_version":-1,"schema_name":"ColumnSpecsBase","schema_type":"Iced"},"name":"foreign_born_asia","type":"double","format":"%5f","description":"foreign_born_asia"},{"__meta":{"schema_version":-1,"schema_name":"ColumnSpecsBase","schema_type":"Iced"},"name":"foreign_born_africa","type":"double","format":"%5f","description":"foreign_born_africa"},{"__meta":{"schema_version":-1,"schema_name":"ColumnSpecsBase","schema_type":"Iced"},"name":"foreign_born_oceania","type":"double","format":"%5f","description":"foreign_born_oceania"},{"__meta":{"schema_version":-1,"schema_name":"ColumnSpecsBase","schema_type":"Iced"},"name":"foreign_born_latin_america","type":"double","format":"%5f","description":"foreign_born_latin_america"},{"__meta":{"schema_version":-1,"schema_name":"ColumnSpecsBase","schema_type":"Iced"},"name":"foreign_born_northern_america","type":"double","format":"%5f","description":"foreign_born_northern_america"},{"__meta":{"schema_version":-1,"schema_name":"ColumnSpecsBase","schema_type":"Iced"},"name":"pop_5_and_over","type":"double","format":"%5f","description":"pop_5_and_over"},{"__meta":{"schema_version":-1,"schema_name":"ColumnSpecsBase","schema_type":"Iced"},"name":"english_language_only","type":"double","format":"%5f","description":"english_language_only"},{"__meta":{"schema_version":-1,"schema_name":"ColumnSpecsBase","schema_type":"Iced"},"name":"non_english_language","type":"double","format":"%5f","description":"non_english_language"},{"__meta":{"schema_version":-1,"schema_name":"ColumnSpecsBase","schema_type":"Iced"},"name":"non_english_poor_english","type":"double","format":"%5f","description":"non_english_poor_english"},{"__meta":{"schema_version":-1,"schema_name":"ColumnSpecsBase","schema_type":"Iced"},"name":"spanish_language","type":"double","format":"%5f","description":"spanish_language"},{"__meta":{"schema_version":-1,"schema_name":"ColumnSpecsBase","schema_type":"Iced"},"name":"spanish_poor_english","type":"double","format":"%5f","description":"spanish_poor_english"},{"__meta":{"schema_version":-1,"schema_name":"ColumnSpecsBase","schema_type":"Iced"},"name":"other_indo_euro_language","type":"double","format":"%5f","description":"other_indo_euro_language"},{"__meta":{"schema_version":-1,"schema_name":"ColumnSpecsBase","schema_type":"Iced"},"name":"other_indo_euro_poor_english","type":"double","format":"%5f","description":"other_indo_euro_poor_english"},{"__meta":{"schema_version":-1,"schema_name":"ColumnSpecsBase","schema_type":"Iced"},"name":"asian_language","type":"double","format":"%5f","description":"asian_language"},{"__meta":{"schema_version":-1,"schema_name":"ColumnSpecsBase","schema_type":"Iced"},"name":"asian_poor_english","type":"double","format":"%5f","description":"asian_poor_english"},{"__meta":{"schema_version":-1,"schema_name":"ColumnSpecsBase","schema_type":"Iced"},"name":"other_language","type":"double","format":"%5f","description":"other_language"},{"__meta":{"schema_version":-1,"schema_name":"ColumnSpecsBase","schema_type":"Iced"},"name":"english_less_than_v_well","type":"double","format":"%5f","description":"english_less_than_v_well"},{"__meta":{"schema_version":-1,"schema_name":"ColumnSpecsBase","schema_type":"Iced"},"name":"total_pop_ancestory","type":"double","format":"%5f","description":"total_pop_ancestory"},{"__meta":{"schema_version":-1,"schema_name":"ColumnSpecsBase","schema_type":"Iced"},"name":"pop_american","type":"double","format":"%5f","description":"pop_american"},{"__meta":{"schema_version":-1,"schema_name":"ColumnSpecsBase","schema_type":"Iced"},"name":"pop_arab","type":"double","format":"%5f","description":"pop_arab"},{"__meta":{"schema_version":-1,"schema_name":"ColumnSpecsBase","schema_type":"Iced"},"name":"pop_czech","type":"double","format":"%5f","description":"pop_czech"},{"__meta":{"schema_version":-1,"schema_name":"ColumnSpecsBase","schema_type":"Iced"},"name":"pop_danish","type":"double","format":"%5f","description":"pop_danish"},{"__meta":{"schema_version":-1,"schema_name":"ColumnSpecsBase","schema_type":"Iced"},"name":"pop_dutch","type":"double","format":"%5f","description":"pop_dutch"},{"__meta":{"schema_version":-1,"schema_name":"ColumnSpecsBase","schema_type":"Iced"},"name":"pop_english","type":"double","format":"%5f","description":"pop_english"},{"__meta":{"schema_version":-1,"schema_name":"ColumnSpecsBase","schema_type":"Iced"},"name":"pop_french","type":"double","format":"%5f","description":"pop_french"},{"__meta":{"schema_version":-1,"schema_name":"ColumnSpecsBase","schema_type":"Iced"},"name":"pop_french_canadian","type":"double","format":"%5f","description":"pop_french_canadian"},{"__meta":{"schema_version":-1,"schema_name":"ColumnSpecsBase","schema_type":"Iced"},"name":"pop_german","type":"double","format":"%5f","description":"pop_german"},{"__meta":{"schema_version":-1,"schema_name":"ColumnSpecsBase","schema_type":"Iced"},"name":"pop_greek","type":"double","format":"%5f","description":"pop_greek"},{"__meta":{"schema_version":-1,"schema_name":"ColumnSpecsBase","schema_type":"Iced"},"name":"pop_hungarian","type":"double","format":"%5f","description":"pop_hungarian"},{"__meta":{"schema_version":-1,"schema_name":"ColumnSpecsBase","schema_type":"Iced"},"name":"pop_irish","type":"double","format":"%5f","description":"pop_irish"},{"__meta":{"schema_version":-1,"schema_name":"ColumnSpecsBase","schema_type":"Iced"},"name":"pop_italian","type":"double","format":"%5f","description":"pop_italian"},{"__meta":{"schema_version":-1,"schema_name":"ColumnSpecsBase","schema_type":"Iced"},"name":"pop_lithuanian","type":"double","format":"%5f","description":"pop_lithuanian"},{"__meta":{"schema_version":-1,"schema_name":"ColumnSpecsBase","schema_type":"Iced"},"name":"pop_norwegian","type":"double","format":"%5f","description":"pop_norwegian"},{"__meta":{"schema_version":-1,"schema_name":"ColumnSpecsBase","schema_type":"Iced"},"name":"pop_polish","type":"double","format":"%5f","description":"pop_polish"},{"__meta":{"schema_version":-1,"schema_name":"ColumnSpecsBase","schema_type":"Iced"},"name":"pop_portuguese","type":"double","format":"%5f","description":"pop_portuguese"},{"__meta":{"schema_version":-1,"schema_name":"ColumnSpecsBase","schema_type":"Iced"},"name":"pop_russian","type":"double","format":"%5f","description":"pop_russian"},{"__meta":{"schema_version":-1,"schema_name":"ColumnSpecsBase","schema_type":"Iced"},"name":"pop_scotch_irish","type":"double","format":"%5f","description":"pop_scotch_irish"},{"__meta":{"schema_version":-1,"schema_name":"ColumnSpecsBase","schema_type":"Iced"},"name":"pop_scottish","type":"double","format":"%5f","description":"pop_scottish"},{"__meta":{"schema_version":-1,"schema_name":"ColumnSpecsBase","schema_type":"Iced"},"name":"pop_slovak","type":"double","format":"%5f","description":"pop_slovak"},{"__meta":{"schema_version":-1,"schema_name":"ColumnSpecsBase","schema_type":"Iced"},"name":"pop_subsaharan_africa","type":"double","format":"%5f","description":"pop_subsaharan_africa"},{"__meta":{"schema_version":-1,"schema_name":"ColumnSpecsBase","schema_type":"Iced"},"name":"pop_swedish","type":"double","format":"%5f","description":"pop_swedish"},{"__meta":{"schema_version":-1,"schema_name":"ColumnSpecsBase","schema_type":"Iced"},"name":"pop_swiss","type":"double","format":"%5f","description":"pop_swiss"},{"__meta":{"schema_version":-1,"schema_name":"ColumnSpecsBase","schema_type":"Iced"},"name":"pop_ukrainian","type":"double","format":"%5f","description":"pop_ukrainian"},{"__meta":{"schema_version":-1,"schema_name":"ColumnSpecsBase","schema_type":"Iced"},"name":"pop_welsh","type":"double","format":"%5f","description":"pop_welsh"},{"__meta":{"schema_version":-1,"schema_name":"ColumnSpecsBase","schema_type":"Iced"},"name":"pop_west_indian","type":"double","format":"%5f","description":"pop_west_indian"}],"rowcount":10,"data":[["Arch1","Arch2","Arch3","Arch4","Arch5","Arch6","Arch7","Arch8","Arch9","Arch10"],[-1.8105986407248353,1.9176598492927486,4.940284122294375,1.3024996899943169,3.8409056306365406,3.141619842443664,-0.5750407666744455,3.0151230399899487,3.0500427500760283,0.9873449239888055],[-1.6624101044556236,2.1391342334233925,5.846775833340849,1.3378809786332893,3.6254287768962112,3.1516662188354765,-0.52689988524147,3.684188134987441,2.631831035361248,0.9816558987744596],[-1.3702850727761262,2.9793493726271123,6.884126114131377,1.3414542060940247,3.7382066212331218,2.911283946407187,-0.44184995893338946,4.189117257717194,2.4131106263530286,0.8518302415841268],[-1.745682465244131,2.327244691090679,6.65510968191889,0.8838739407523983,2.295301981579787,3.693379317547672,-0.5239385984296533,3.17464082133657,3.0396241701328677,1.3295331802444164],[-1.2889057686845045,3.7589376100928877,8.862906727268095,0.7772916294828286,2.2130485623380065,3.3015273883683105,-0.3742560571706081,3.852376088261243,3.0963437294674887,1.1922328720326214],[-1.1388650081802318,2.342064680258647,4.469796295466116,1.6962392479127442,4.635886783135107,1.6496757703090983,-0.41364035253666537,5.179056636671752,1.8666442434416213,0.2447072525896777],[-1.3303771244615092,1.7919188719726362,2.1148704631999973,1.6154444555334522,4.076882639390091,2.1083091811202967,-0.513740620548023,4.920582067688052,1.0626044186384447,0.33643229768555893],[-1.222699776060636,1.0351815344363864,2.6117998086417304,2.2667323363283143,6.426088922796493,1.3511037289717742,-0.4568297118908793,3.870192279109102,1.094520859203924,-0.01972568428327867],[-1.2492524421801143,0.777517986508386,1.9638641971275745,2.275510683674276,6.353531385271156,1.5333989599781608,-0.4758465266593959,3.780196952290516,0.6200487672213514,-0.00410201733211011],[-1.8684334295470126,1.3190657069439966,2.8127624561922424,1.0965110223937298,3.791262812187903,2.7762829753067146,-0.5952490792017722,1.514788937862904,3.4414106112825182,0.8878482223537776],[-1.92253582545454,1.5342299974370062,2.702458134403935,1.2491136953365303,3.930126630455273,2.784138036082623,-0.5924699220605353,1.4646999444714655,3.26291050266339,0.9165275137343987],[-1.9054253076456398,2.1266519216509,4.5438733866749255,1.2665674739706858,3.374775652155806,3.0336214995635657,-0.4629273560435315,1.4416890373727067,2.706567987475312,1.2875112452362976],[-1.356749468694448,2.8958825750192663,6.646640088288881,1.5138029313114854,3.9377925600847212,2.7623069539157816,-0.438644959578664,4.423019957362567,2.2203577558669045,0.7490221046450491],[-1.8715188168505625,1.7622780853974027,4.861123154301149,1.2261968564377186,3.2695309805233355,3.0462297616355927,-0.5114268459452762,2.4619097454472647,2.852029127476217,1.2080906852389084],[1.6306738022451244,1.9218909994542603,1.8932865222241548,1.5905170292040516,0.2320554323069339,-0.17997285348309738,-3.2067604176586912,2.3210655246364458,-0.09486677385999358,0.6857966091722751],[1.5393660005683625,2.328919020004518,1.7262360271541428,1.8722354396291194,0.6304618825148188,-0.10775764676675921,-3.433444870325302,2.0061278190740053,0.10884061755118803,0.8032816347694736],[-1.47665420200087,2.811445098978819,6.651909462236843,1.4043642677593768,3.914138979090194,2.8156599097683426,-0.4656377837929508,4.172712533076725,2.7519317768105274,0.8440036030765999],[-1.8105986407248353,1.9176598492927486,4.940284122294375,1.3024996899943169,3.8409056306365406,3.141619842443664,-0.5750407666744455,3.0151230399899487,3.0500427500760283,0.9873449239888055],[-1.7464869578678757,2.3238877304894663,6.667792429178271,0.8850739471635614,2.2947024958471274,3.6980321125064615,-0.5239184527639061,3.1638483876592196,3.0391177313832833,1.3314822524169312],[-1.1050981723356978,4.055220565933083,8.466984337109668,1.6099813112889465,4.124046505830724,2.5282725147554115,-0.31241631181677715,4.82765976739571,2.048380918796126,0.7434611567589495],[-0.48129564704601235,3.2675738425044476,5.465482280016155,1.767623172049889,4.753934142083558,0.252274298290835,-0.23321178205219428,6.5552803255504655,1.8069638897517746,-0.28819008909055294],[-1.186485526577707,0.5087965496529235,4.399675965952304,0.8496953540054382,3.5629563112773903,1.9616347794762916,-0.4674604278030542,3.5576160937725656,3.1648235799341484,0.3814848887839],[-1.5824857040480154,0.4259761692511702,3.0885689796856357,1.1999636734822556,4.000691514977833,2.572072857205918,-0.5628053928892675,3.4995774401182818,2.2695859787320605,0.6608501962028595],[-1.565282526446965,2.391061628799858,6.01754330113142,1.2594312098079026,3.677885149860826,2.8444581931616306,-0.5075321264260985,4.019274496677295,3.0477770368263792,0.8621519721260189],[-1.2254785125705832,2.1031082792695512,5.086888316780402,1.258399632064923,4.507361565408099,1.862309763982769,-0.4537186676608714,4.190595318983436,3.0623621797880407,0.41234125458704707],[-1.6038020934535746,2.680096778862742,7.219578012511259,0.9501287825081733,2.5723446142057544,3.383812564333221,-0.4807194836508624,3.6719786794160756,3.1248036684257867,1.2023142039325736],[-1.0321670715566793,1.4484144296744226,2.7501892565445893,2.05839765976755,5.4548308052630645,0.9706213384951665,-0.3760079836867974,4.483213223149051,1.1791373061847938,-0.10558468706521727],[-1.734818698500384,2.4184277607559217,5.370584843354982,1.7915777776594322,3.527967083219719,2.763260730326931,-0.4087534157955995,2.8313134841148693,1.9934719058522872,1.0122344188436716],[-2.0572315207254563,1.0138080747854217,1.342682783925307,1.8677432670262992,3.535195505009841,3.156697483583745,-0.663816747464871,3.1222763785462297,1.6568980600294212,0.7282736545859547],[-1.594494591982704,2.278273786997099,5.70175580816271,1.3369756264593156,4.056300033674422,2.814198695295407,-0.5172606621018763,3.7387719170819813,2.9789592680184325,0.8407529460133218],[-1.1933640813891195,1.9067236539169246,4.419707178931483,1.3676121401890222,5.243220942741055,1.6660317385275674,-0.4619582527798135,3.7338881667563886,2.8868233606654568,0.30591025976446756],[-1.6263876162381976,2.674607830024922,7.171146883638377,0.933633637955508,2.5163844012080396,3.446978626032663,-0.4863887212756224,3.5473804935420765,3.131580094181677,1.2295357514131462],[-0.8369288188619504,0.9481376299730137,2.2918106279366413,1.8994467866943028,6.511506983708848,0.5488919831918515,-0.37818897874872376,4.676412451796346,1.0661200263147819,-0.24683494976560433],[-1.7312112584226116,2.121326137831006,5.788995257212537,1.7267437047465972,3.7660244525764135,2.709527611866594,-0.4197696433670155,2.9014911649536894,2.471266486461018,0.9560231568777285],[-1.9432166814864407,1.2601404436270691,2.05540479389386,1.6538299153003722,4.01867816088966,3.0531107625245646,-0.6489683603114084,3.050517973778558,2.1603598463697296,0.7181168247221807],[-0.9092114006514038,3.907713380476832,10.08309213397606,2.012780676158325,4.339448892873722,2.3292600934750785,-0.19557357410288526,4.630971827845366,1.8161004171373671,0.6151024142423488],[-1.0219974957531457,0.7771529624148906,0.97119263395319,2.56908766989703,5.434290329886622,0.971228795206565,-0.4145800701234937,4.559767988781096,-0.18133993058035133,-0.27350611672966035],[0.2503054100883945,-0.18253150865917575,-0.3482088597184763,0.8957634014706097,0.321116123576551,-0.19019141596730876,-0.4886186978800954,0.4303252572639841,-0.8134168522649028,-0.19768840899480844],[0.4228520283801952,0.4848952513674492,0.7089954492087419,0.7308429109992892,0.11293327832013467,-0.05031074800981743,-0.7492699940477482,0.3422448141903897,-0.4025578368446166,0.07363764191463675],[0.0411355511395922,-0.2799901563744524,-0.11928807014175949,0.7691004206667875,0.29923706873367056,-0.11136024145445891,-0.23346305982805887,0.44019457886060603,-0.5801492393150559,-0.1807534229232163],[0.5056767327351757,0.2559687458269695,0.5234775788030824,0.6030237616126837,-0.12152609715264938,-0.023875558170584572,-0.7528963416823022,0.16540198525945435,-0.6555173245762544,0.08135450268671951],[0.01515706771683694,0.8853685281583534,0.5441266218408795,0.14674780240810567,0.24101418150802428,0.10275607883089775,-0.41847839457970076,0.25921336221820473,0.6799807719632822,0.2755944334893664],[-0.7348442652662882,2.714543108278581,5.122530735584637,2.0792705463480288,4.280967826354246,0.830417841176329,-0.28078554980859466,6.408973808361765,1.2036948150888735,-0.18263015836022187],[-1.0212943074658767,2.628125896756724,6.362775142563304,3.3241464237978415,4.353397182407167,1.5171682623946374,-0.17856573201218337,5.234869048449427,-0.4732438729727589,-0.09925500759290624],[-0.9295636455081837,2.558987539543589,4.407124701527933,2.612617785100551,3.2484031984241986,1.5664072151084973,-0.20845453253051147,4.4873981032225725,-0.45479296363760713,-0.02555325175554488],[-0.7121975174187785,4.306409267140243,8.196154431543485,2.9897149220156907,3.562676424505099,1.4723300061706164,0.002259536884788001,4.5540753274646395,-0.4495154138926441,0.07134253427199053],[-1.0515980274590095,1.220308663907064,1.3937364082100663,2.533401692572977,3.3819239192262693,1.079280141075491,-0.31732871454499995,4.0748163070340535,-0.14318602770505617,-0.2963667466073968],[-0.8645762776443717,1.2294140903338506,6.3273301203730945,3.067449020833982,4.324583095573118,1.1392909872144985,-0.14050170934106135,4.662979875695007,-0.47948657726136723,-0.11948021203493804],[-1.0212943074658767,2.628125896756724,6.362775142563304,3.3241464237978415,4.353397182407167,1.5171682623946374,-0.17856573201218337,5.234869048449427,-0.4732438729727589,-0.09925500759290624],[-0.9934357826190694,2.458319900666204,5.9027821216751075,3.378133034572146,4.838971925126316,1.2970270407544833,-0.18530055722439648,4.940731901452838,-0.4557427747793691,-0.18632044103235268],[-0.9162352118596365,2.954883648168911,7.6797083892886535,3.0686914258622346,3.488001031092124,1.7183965846310914,-0.10597553882233096,5.4392889691946475,-0.4526352992895217,0.05475173279258002],[-1.265593145876844,3.7690674702884652,7.16024474535093,1.3845925642137809,3.85910265257588,2.7533205234251747,-0.40163506225630013,4.277554155807798,2.544835979215296,0.7400866974681207],[-1.2721266772391158,2.8728938804442867,7.310608485673309,1.2120697679626742,3.825297682863554,2.761018817892179,-0.4061240182101642,3.616255864428307,2.489023435885414,0.9187712468670085],[-0.9563287515731304,3.227541602271929,10.646766425022873,1.8269755475526024,3.748860833502663,2.563833836517056,-0.19601519839293902,4.751314388977179,1.6810365940621987,0.727412470460713],[-1.1775639542991827,4.249719570908961,7.76944400632255,1.6541798182406795,3.7721962487760403,2.737505970092284,-0.3386762808121257,4.843229786352776,1.6962349793116298,0.7803030503664132],[-1.1740129851800223,3.1974758055282386,7.302668721522141,1.5579305257575866,3.878792427728874,2.535838349087285,-0.3651298180581597,4.914118795493398,1.7793588376278795,0.7311861092924663],[-1.1317671759270358,2.8545766595976763,4.121434051962621,0.6238261641023125,2.987973086042906,2.221205480313208,-0.41465403664909317,2.2996034754748464,3.3445034740100987,0.4883697593076785],[-1.6405545651409017,2.1458770766463213,5.627416435049541,1.2573566462087464,3.78801096140551,2.8565195429896733,-0.5316418859950937,3.7195115892891595,3.10504367798819,0.904034822071513],[0.3490361009304486,4.454067766289083,10.936997261195211,1.3699962812039916,3.3240688649833565,-0.43658894585813834,0.23960352768525725,7.888394069770673,1.0752850619549414,-0.11654136796721784],[-0.7525886969246447,2.9598229134783467,7.910482539422036,2.5611841640330644,4.76259872911504,1.0805492038366564,-0.08136900508810677,5.8471504348170535,0.45522527070943536,0.06732586461996656],[-1.501407116831641,1.6450732801002852,6.836787539444129,2.097361959360166,4.476063601702617,2.7621601063337713,-0.35716970845779245,3.5879321254200827,1.2180797234886396,0.7934138770234758],[-1.9159969284420135,2.0453039941820834,2.6333118307009924,1.5931413364818148,3.3970460427631446,3.37920101470683,-0.6509655737971118,3.34478022100999,2.0844893108593854,0.7948142804132707],[-1.803618573673375,1.0217213240103658,3.109419594989003,0.9344278357350878,3.365659168367478,3.3484550179085146,-0.6453737335391319,2.7294994390055005,2.601577624768855,0.9868894072100125],[-1.7132126475597491,1.1770967499321598,3.0179435195570985,-0.22975991735618373,2.145909341636799,2.952991963894946,-0.6947094506529602,1.428796051266587,5.030654385898787,1.1626106658794895],[-1.6384989894933872,0.9283288709186195,2.136472569275555,-0.5452630512043082,1.6825054197793432,2.4835991026343853,-0.6765279895815224,0.38326302165344256,5.447086045211761,1.1920653187452874],[1.5114258040405522,-1.1231534411875923,-1.3344848874719408,0.026982336585642842,-0.862754081571596,1.0781245858955446,-4.440697214031222,-2.124318732472891,1.251868556639271,1.997218401109458],[-0.595934387002466,-0.05806457336526955,-0.059694398463030485,-1.1481765190333995,-0.22575742971590163,1.3368355123481601,-1.2432264554859989,-1.0389667695800648,3.4209912823996285,1.5978435170697587],[-1.598502527269216,2.270234695488288,5.79321449280377,1.282426967729536,3.8638310224414076,2.8272277798090157,-0.5165949489033336,3.8271522664994184,3.0799429469605584,0.8576515366285027],[-2.3471028534003424,0.5274040392587229,0.4323365859304776,1.5402019030641034,2.3873130702049306,4.189040530018274,-0.7469732613656518,1.747021543210243,1.3569212313912278,1.124423905721589],[-1.48292161332989,2.787766443204635,6.6449534148469915,1.390458391252434,3.915997688321151,2.8178221143757365,-0.46641832720557597,4.142428082554443,2.798075071242607,0.8454471169137978],[-1.7238492418467306,3.291061179537023,4.615635864313691,2.3620262421393683,4.38239052640441,2.7881877505064456,-0.4273906445393832,3.539947838875648,1.2535791058705728,0.6905882109694873],[-1.1259040122723614,4.100514539470052,8.72508931280073,1.7234600623793872,3.886174270395765,2.6964455548449493,-0.3019199305183704,4.898306639255997,1.7813690524504087,0.7681560814326505],[-1.406807476472084,4.302913747424632,2.347391253915106,2.293090603695364,4.52607867136942,2.455956900497567,-0.42114402491892544,3.844870238074748,0.0619684116498279,0.4188257144721649],[-1.494422898265127,2.3842156410731805,5.8955659262216935,1.256171728652766,3.951604285266461,2.703406040456425,-0.5054087885549979,4.004415889748994,3.085251555096682,0.7645727061512704],[-1.6819724932293152,3.6033301707208047,3.1693161984925737,2.6364054326467254,4.681016411679423,2.6160714130954954,-0.43680759478389336,3.561201486766149,0.614148085330807,0.45489717019337134],[-1.8533221407705576,1.6169893886507691,4.902540963678721,1.1189944894287664,3.041142990605582,3.0812529858719193,-0.5123329910105369,2.5102280171137394,2.8701545546349925,1.2364159965294577],[-1.6792925948698803,2.291720423766566,6.639269400796432,1.7651182528483826,3.495664694282867,2.814786047053209,-0.3723511410728599,3.076800701155835,2.2734892443325987,1.003402061402231],[-1.5035282364141145,2.729462309846254,6.501848958693076,1.400212436333819,3.9085685061994955,2.831948126346908,-0.4742289633604931,4.122689771640846,2.7909619418850045,0.8424355189197126],[-1.4360251748169304,2.71237005570662,7.210941974163225,1.3628864867382815,3.917316995970049,2.778457280394395,-0.4368738836648794,4.16755626178751,2.7447975936358024,0.9043275006306093],[-1.700528299068302,2.391540431770366,2.0973057698391755,1.4845153674694078,3.2929017857300513,2.859968684911934,-0.6058804162845273,3.4359725332793545,2.4660626658356266,0.4648833879295751],[-1.4818971838912482,3.2577375461451488,2.7314914898756952,1.6922434111388611,3.3766532112287777,2.35467880890177,-0.5110798660252138,4.293691745341407,2.1897229975033388,0.3058895922273577],[-1.7957053075625538,0.4839896591321227,0.6425992280393347,0.8742939656143393,2.5953030354010638,3.259500573110395,-0.6691391111836378,1.3682900795399005,2.5333118443897833,0.6633533535397137],[-1.6612329425756778,0.08815250630537504,0.320952969773609,0.976471533590138,2.1516763913877988,2.8897875296615605,-0.5963214958564095,1.622160754302893,1.9753047329987679,0.5318985522948647],[-1.5119357663884931,0.8658871987857837,0.8896708545027825,0.5221268491689983,2.5032132154836004,2.9049053456750182,-0.592286069518089,0.6975202185911716,2.602827017565378,0.6626638944090693],[-0.3644737799697405,3.1313539797440995,4.7933858851624604,-0.10428553502962079,3.952075222577893,0.26762041195483444,-0.2857560159547729,2.030505321914102,5.066466662968513,-0.013317056618705546],[-1.4957610414172213,2.7516480810247983,6.5814025559991585,1.4087708538296047,3.916399783785187,2.8302122337138793,-0.46989325647809105,4.1327500389542635,2.779770243040528,0.8413336243513256],[-1.9650238180808512,1.7398621389522666,4.668121177203674,1.6691278734801074,3.4854156812911903,3.734704625420379,-0.5980127650367816,3.045526124493654,1.9438115161119833,1.0886742691273077],[-2.019780455531835,1.5761718688594124,4.596469906355686,1.7139356431245958,3.2004142052627254,3.804887550113101,-0.6090801753865854,3.0954178241933756,1.9268669638708296,1.103229622455219],[-1.7499484434945816,2.0572925831768534,6.4702799553645365,2.001413065249599,3.135673329540021,3.2935661724230587,-0.44744934252380314,3.7584986774649196,1.5296959440016442,1.0118586305006954],[-2.053756923300016,0.31979250995118974,0.0602777554558587,0.7849690795830478,2.581528590206395,3.8747249854427506,-0.7680930170330679,1.1511025918488214,2.218442258292811,1.017779404413917],[0.4397527521289712,5.554627294410186,4.605949652093044,-0.3256377191388289,9.9259464696744,0.11260496794730018,-0.022848288156041726,0.2973731865930276,1.5568729925583908,0.1981819114711544],[0.47071925165593265,5.117190922379251,10.622633800881438,0.13543072904606762,4.062860628046521,-0.9440537579332516,0.08578878878983189,6.306028143287927,4.575264129373038,-0.21063767685448312],[0.47071925165593265,5.117190922379251,10.622633800881438,0.13543072904606762,4.062860628046521,-0.9440537579332516,0.08578878878983189,6.306028143287927,4.575264129373038,-0.21063767685448312],[0.41364052607323126,7.206877699414156,9.893132266316051,-0.11283375632893129,4.143082985181767,-0.9030820044035808,0.06741398560317316,4.715660973528395,5.517448990859284,-0.13079168495339027],[0.4792222321496155,2.9890458558665087,10.357717899017024,0.3283026745682969,3.6671159059172256,-0.9009424920628608,0.09381590015695127,7.097163397650363,3.4315486781338795,-0.2589865388442463],[0.48710614127421825,5.376198863969161,10.435552689702831,0.09274873813740517,4.8457086525734905,-0.8727507828014132,0.07795355181116165,5.93992732644501,4.4499749412728296,-0.17654138477867745],[0.4397527521289712,5.554627294410186,4.605949652093044,-0.3256377191388289,9.9259464696744,0.11260496794730018,-0.022848288156041726,0.2973731865930276,1.5568729925583908,0.1981819114711544],[0.5595457168741153,9.420476892172635,2.5419732414393534,-0.3018620325980412,7.509223829704351,-0.2080166476906676,0.0841897078318587,0.07548909502806944,1.0816585913812362,0.15363241876214873],[0.4219276339871093,5.165012999637683,4.652042783588636,-0.3203709402389556,9.883005959912431,0.1327248682007365,-0.029765954446377606,0.3065474701690226,1.5568485497420341,0.19700571419570018],[0.47071925165593265,5.117190922379251,10.622633800881438,0.13543072904606762,4.062860628046521,-0.9440537579332516,0.08578878878983189,6.306028143287927,4.575264129373038,-0.21063767685448312],[0.2934980835986573,4.754840481092312,10.096951658746123,0.048678680895168414,4.2821717883532155,-0.6128637692776597,0.05438794407480318,3.096406975053569,5.309180280852753,-0.1350158897113686],[0.4746855802376294,5.07699075388353,10.5271464961175,0.13845962726027441,4.003966509636041,-0.950687410406612,0.08646190643237185,6.403545298178951,4.483027488408999,-0.21222590708053155],[0.4707229155224859,5.117206732294015,10.622664773596007,0.1354335250634208,4.062876509056351,-0.9440583660536976,0.08579123960614796,6.306015543082814,4.57526781780256,-0.21063958211483008],[0.15684954878629923,1.4295087780718756,19.504581772082748,0.06677795078320731,2.3512136829223627,0.8159915614792113,0.4156955766591357,-0.13849553188632574,5.576479006374133,0.9213134250257778],[0.4127256112116543,11.915271942335362,15.263685733526817,0.46645939446158907,0.4260392941159195,-0.20024057741321327,0.3660316809737391,3.1593161431852215,6.807205623545122,0.020059719294430595],[-0.07997043394007632,4.3958666851046315,2.5303922637826517,0.6227247291381101,5.533602905028256,-0.41015577859293345,-0.17435649434582773,0.2867776274845113,3.0455832267384397,-0.3384110123091594],[-0.4578332921871937,0.1805871072170471,0.3169309829063127,0.17483644861343392,-0.07385618572883482,0.08013904040240123,-0.29519935529574437,1.5995670817752392,3.10098988328769,-0.33474530145212705],[0.46398271052240075,0.05042724134318115,2.620795488897367,-0.12180786000719346,4.671852371080273,-1.4603852357689548,-0.13421730176341415,7.404153714470976,1.3069246078681844,-0.5002549374321973],[-0.8872685656901468,2.1478846266515745,6.0990116854214715,-0.5599797070834497,1.6432300985550772,2.3937207162997742,-0.26357476483920994,0.2780064339124884,3.6972844954725463,1.1761628660293029],[-1.5352662546147036,2.632135413910311,6.207301694228281,1.3641185944753602,3.885303212479303,2.8438282908530406,-0.4914793209465106,4.0576884469033825,2.8476604788749955,0.8487927438532265],[-2.3869768659848707,0.5129835819657461,1.358734786245803,1.5715283546233692,3.1629421221030793,4.189829291137941,-0.7799940376283062,1.4982224314146366,1.9235527828789787,1.1907601509434933],[0.5896517056132854,5.476679618784268,12.646119543805117,0.4712088717918569,3.723228339054788,-0.6726558849389194,0.2169789105048648,7.1609963327720445,3.4441709666707387,-0.09119639002185696],[0.859674870082979,4.613884940460705,14.324464224680284,0.48478337936048377,3.319626679384149,-1.0391775187516072,0.35708819799117597,7.4867501153606355,3.133707077072966,-0.16879552554878713],[0.2348203885617481,-0.0020546262461434667,2.3671518233539883,0.1274030097600491,3.354673100006979,-0.994781643701417,-0.16565230029287586,8.12959316764185,0.9324613872268706,-0.4358421781951304],[0.39112604839776377,0.006296306915889364,3.0458323332366204,0.053974051701997226,2.9905312557116104,-1.2010033793188724,-0.08786954864282917,8.304571937986074,0.784998943100987,-0.44039153555891153],[1.099079077882194,1.0129420828087208,31.25471489882423,0.6683723220398999,4.6025087625988155,0.4959128211458708,0.9330419155577928,-0.10428756508448137,5.242309138949163,1.014575725180562],[1.2572404192102946,0.9139826573523296,27.51069763895737,0.6617876226432821,4.5447143741325355,-0.23660291264362182,0.9223347363570111,-0.17504942820664385,4.4003380681287,0.6076396230640835],[0.3401330206500001,-0.042586020427513416,16.274201564745923,0.473163230610247,-0.039913676554736245,-0.4162375204191899,0.2520991877656714,3.3906913397438245,6.0719284677956935,-0.23257526408502632],[0.767715955079471,-0.2559682607771751,21.59184524460964,0.7421832831094574,-0.10317642130243464,-0.46735826701375144,0.5665900425639709,3.4205965142042563,5.344913623170114,-0.0848972390599847],[1.6989657488652534,81.98193521887656,11.549549110404266,1.9638506655247225,3.616185052766903,1.55283751101879,1.5766211154609544,1.1180548018045822,3.504884581505883,1.5950887456410527],[1.882262764196137,85.3796229960181,11.702604866651757,2.001194760971808,3.2205564789481387,1.4354778442761091,1.7349911241710572,1.1604411684086096,3.136331154384473,1.615534157129279],[-1.4957610414172213,2.7516480810247983,6.5814025559991585,1.4087708538296047,3.916399783785187,2.8302122337138793,-0.46989325647809105,4.1327500389542635,2.779770243040528,0.8413336243513256],[-1.8307100973128574,0.3311616133646332,2.6003499272184083,1.8239927401524212,2.0921133899643665,3.4682185119637925,-0.4238384091073519,1.1317745173822158,0.2933959423043213,0.8850993680005652],[1.7344047887128038,120.33088883158506,2.959997030262463,1.6903116529486286,1.6010206252891246,2.664687379263214,1.9218358524770272,1.589300032455609,3.754450264293866,2.4213206097462288],[-1.2445867308888299,-0.028150078968321092,1.511711513134752,-0.3919488343801059,0.07051272583463826,2.8208253494960096,-0.45705054384183835,0.3651631327302355,1.5505164574545065,1.368684424563813],[-1.1172048370476941,-0.01314008176294091,0.05411158042348882,-0.6573016377537878,-0.40976953357130386,3.040583334451749,-0.5284163600944467,0.7120134006301481,1.4120882948045224,1.0828629217502872],[-1.5088854637850193,-0.0778364853167277,-0.05082783483889707,0.03290596257342522,0.1284073793047703,3.2182674588253755,-0.5149951313459854,0.5841037832037358,0.8906249901688976,1.24920024722804],[-2.301045387542331,0.053108624587073265,0.2199166385718405,0.25983414856831333,0.5844134857812162,4.868725563389772,-0.781677788048052,0.7505881554805898,1.84013336310092,1.6405395208181435],[-1.787567247224189,-0.07295500552814697,-0.01662548797394482,0.22518548357700752,0.9217124573217326,3.408775044765346,-0.5668376672359647,0.5017209957955436,1.500481627591262,1.2814848792159548],[-1.088946692529663,0.3505478239165897,0.14642159468239221,-0.18431922900150857,0.8302741656574252,2.1315078535618683,-0.317257917586847,-0.23399755885371612,1.0110021651360412,1.0432841435584366],[-2.195565324798542,0.04698131408418915,0.24542273516073485,-0.0375218575406638,0.3667764937371284,4.808106150244825,-0.74465176917969,0.4931318666650679,1.4925161827935973,1.857148268082665],[-1.1548708867086028,0.6956985823069318,2.1056996522207765,-0.6037237036839581,1.096805887212723,1.793735177156677,-0.42762624104647995,0.02275160315666735,4.200208779399469,0.9282218258554492],[2.4470508700227125,0.24809939016977076,67.47173748881633,2.3355261973222072,1.5153710463009262,4.419103308641835,2.609513108586836,-0.7997060822541249,0.29088589973746154,3.6142482586668967],[-2.3099143691103547,0.1510738945776688,0.3891880689820119,0.11987154526601443,1.240730393314551,4.432485188602682,-0.7568793960304325,0.3508055470981426,2.476134550544728,1.7330856488945907],[-1.3432485204235423,0.4412798568650444,3.68561565311003,-0.45104020189938804,1.6120830798107766,2.6303160703774435,-0.3985846735872548,-0.12160518116440833,3.2939701907300782,1.3918646339913021],[-1.139661028329303,1.2481349308052687,1.1582080720978611,-0.8292580773851127,0.9738462311903521,2.0929353191386797,-0.38800875815738484,-0.41455145659524356,2.854001999286004,1.3286644674250065],[-1.0397919380099798,-0.130710795094591,0.0950242857758338,-0.6266259117577947,-0.33410768425116827,2.5723301963184717,-0.4585150365521563,0.273598003492382,1.1583513909537708,1.1949416654486944],[-0.9149312428228765,1.7801656331591509,10.701707321394792,-0.2640916915345982,1.2124471296362194,3.034341869687741,-0.028598482396856487,-0.3973914035377964,2.606078875037822,1.8693573491501485],[-0.44340942305364883,-0.14150433597523346,0.18194381536261886,-0.060319081259688004,0.8500315517589532,0.3710512541677916,-0.1806714384354747,0.534885361858544,1.5862609164038584,0.16394407373449943],[-0.7268097886015409,-0.07011791557340183,6.766506772945542,-0.6075511512404949,1.317525956961184,0.9508957558261346,-0.2267126706436096,-0.5120273683815635,5.551989255707051,0.8000269431282794],[-2.090554331619169,0.12131772697947628,-0.4046556244085868,0.805027605851553,0.5811083391735454,4.123356689524103,-0.6348286997150372,0.7492348472143856,1.0889832468214038,1.1766989144712527],[-2.2106806256653404,0.26983608159508954,-0.22888833785106144,0.037891297475460786,0.5833872419903131,4.646495714314212,-0.7830196391276262,0.6546354939255684,2.184103497127208,1.5639321938002422],[-0.8407189296677744,-0.005256440919586601,0.8473783519113856,-0.3737741823977012,0.308987000945424,1.9320649103504393,-0.1972109378373927,-0.5605947733231832,0.5562497093224261,1.0562383674118472],[-0.41883160549737497,1.3369030002253917,0.10326746633096365,1.2875715847964588,6.0073275474301395,-0.13278273360317744,-0.3236560297861133,0.4906761559429434,1.6100370773624788,-0.5012002141954013],[-1.5386268371085399,0.17344364496873765,-0.012139260412376219,-0.7619567714269178,-0.10563488126710964,3.5439899891089635,-0.6384152337464999,0.43797009237097145,1.9886658145364484,1.5658907343864001],[-1.2359328345827092,0.026797284765318206,1.1415782194625486,-0.5138477173801603,-0.08683879026932412,3.0323388174028514,-0.46453514686131103,0.2941090045189231,1.572275269862333,1.2808767322554606],[-0.8360908579582361,0.8512081928850369,3.4607256427481006,-0.4017260285546809,1.1526995139415648,1.193954653631291,-0.2642504765892162,-0.570082741059942,4.34290815933283,0.5959613361037513],[-1.8861625834404308,0.14743081267278396,-0.12825463972282597,-0.23015647833427347,0.3783588554082796,4.292757191598958,-0.6642475069679336,0.4503041120392574,1.778300295939879,1.4386519902469999],[0.6766407730943692,0.02711900677592502,0.4792921926664086,-0.26608154194727307,8.768560281886888,-1.3484758587476493,-0.024306703142540666,-1.1559941503306115,0.2248261385917147,-0.317006696810446]]},"singular_vals":null,"eigenvectors":null,"representation_name":"GLRMLoading__a25b60a643217933e391bc0d7fd94bdd","importance":{"__meta":{"schema_version":3,"schema_name":"TwoDimTableV3","schema_type":"TwoDimTable"},"name":"Importance of components","description":"","columns":[{"__meta":{"schema_version":-1,"schema_name":"ColumnSpecsBase","schema_type":"Iced"},"name":"","type":"string","format":"%s","description":""},{"__meta":{"schema_version":-1,"schema_name":"ColumnSpecsBase","schema_type":"Iced"},"name":"pc1","type":"double","format":"%5f","description":"pc1"},{"__meta":{"schema_version":-1,"schema_name":"ColumnSpecsBase","schema_type":"Iced"},"name":"pc2","type":"double","format":"%5f","description":"pc2"},{"__meta":{"schema_version":-1,"schema_name":"ColumnSpecsBase","schema_type":"Iced"},"name":"pc3","type":"double","format":"%5f","description":"pc3"},{"__meta":{"schema_version":-1,"schema_name":"ColumnSpecsBase","schema_type":"Iced"},"name":"pc4","type":"double","format":"%5f","description":"pc4"},{"__meta":{"schema_version":-1,"schema_name":"ColumnSpecsBase","schema_type":"Iced"},"name":"pc5","type":"double","format":"%5f","description":"pc5"},{"__meta":{"schema_version":-1,"schema_name":"ColumnSpecsBase","schema_type":"Iced"},"name":"pc6","type":"double","format":"%5f","description":"pc6"},{"__meta":{"schema_version":-1,"schema_name":"ColumnSpecsBase","schema_type":"Iced"},"name":"pc7","type":"double","format":"%5f","description":"pc7"},{"__meta":{"schema_version":-1,"schema_name":"ColumnSpecsBase","schema_type":"Iced"},"name":"pc8","type":"double","format":"%5f","description":"pc8"},{"__meta":{"schema_version":-1,"schema_name":"ColumnSpecsBase","schema_type":"Iced"},"name":"pc9","type":"double","format":"%5f","description":"pc9"},{"__meta":{"schema_version":-1,"schema_name":"ColumnSpecsBase","schema_type":"Iced"},"name":"pc10","type":"double","format":"%5f","description":"pc10"}],"rowcount":3,"data":[["Standard deviation","Proportion of Variance","Cumulative Proportion"],[9.265134752033502,0.5764877140660114,0.5764877140660114],[3.2875285399834753,0.07258144990467057,0.6490691639706819],[2.401882365504905,0.03874271423428781,0.6878118782049697],[1.4838623177962975,0.014786786026671425,0.7025986642316411],[1.2570265484199976,0.010611468182173239,0.7132101324138144],[0.9866024454192586,0.006536886602542884,0.7197470190163573],[0.5865804099935135,0.0023106900037927736,0.7220577090201501],[0.2185982982534212,3.20907693795381E-4,0.7223786167139454],[0.015701235361604764,1.6555954472970866E-6,0.7223802723093927],[0.011259062995170563,8.513165455825909E-7,0.7223811236259383]]}},"compatible_frames":null}
